:020000040800F2
:10000000D857002061020008C5550008793B000858
:1000100025530008B50F0008916800080000000093
:10002000000000000000000000000000A101000826
:100030002512000800000000FD0100084D600008C6
:100040007B0200087B0200087B0200087B0200089C
:100050007B0200087B0200087B0200087B0200088C
:100060007B0200087B0200087B0200087B0200087C
:100070007B0200087B0200084511000851110008AE
:100080007B0200085D1100087B0200087B0200086B
:100090007B0200087B0200087B0200087B0200084C
:1000A0007B0200087B0200087B0200087B0200083C
:1000B0001D61000829610008356100087B02000805
:1000C0007B0200087B0200087B02000879590008C7
:1000D0007B0200086D6800087968000885680008E0
:1000E0007B0200087B0200087B0200087B020008FC
:1000F0007B020008596100087B0200087B020008AF
:100100007B0200087B020008416100087B020008B6
:10011000DD6300087B0200087B0200084D610008D7
:10012000691100087B0200087B0200087B020008BE
:100130007B0200087B0200087B0200087B020008AB
:100140007B0200087B0200087B0200087B0200089B
:100150007B0200087B020008751100087B02000882
:100160007B0200087B0200087B0200087B0200087B
:100170007B0200087B0200087B02000800000000F0
:100180007B0200087B020008DFF810D000F01CFCA6
:1001900000480047E57A0008AFF30080D8570020F8
:1001A0002C4B19680868B0E8F04F80F30988BFF35A
:1001B0006F8F4FF0000080F311887047000000003F
:1001C00008480068006880F308884FF0000080F35A
:1001D000148862B661B6BFF34F8FBFF36F8F00DF35
:1001E00000BF00BF08ED00E0DFF80C00016841F43B
:1001F00070010160704700BF88ED00E0EFF30980F7
:10020000BFF36F8F134B1A681EF0100F08BF20ED5D
:10021000108A20E9F04F106009B44FF0500080F3CD
:100220001188BFF34F8FBFF36F8F08F09DFB4FF026
:10023000000080F3118809BC19680868B0E8F04F25
:100240001EF0100F08BFB0EC108A80F30988BFF3CE
:100250006F8F704714000020EFF305807047000097
:100260000648804706480047FEE7FEE7FEE7FEE750
:10027000FEE7FEE7FEE7FEE7FEE7FEE70D610008AA
:10028000890100082DE9F05F0546002092469B4653
:1002900088460646814640241BE02846414647469C
:1002A000224600F072FA53465A46C01A914110D3C2
:1002B00011461846224600F059FA2D1A67EB01083C
:1002C0004F4622460120002100F050FA17EB0009AA
:1002D0004E41201EA4F10104DFDC484631462A4687
:1002E0004346BDE8F09F10B540EA01040346A40769
:1002F00003D009E010C9121F10C3042AFAD203E088
:1003000011F8014B03F8014B521EF9D210BDD2B2C5
:1003100001E000F8012B491EFBD270470022F6E7EE
:1003200010B513460A4604461946FFF7F0FF20466B
:1003300010BD2DE9FE4F804681EA0300C00F0C4638
:10034000009021F0004123F00045B8EB0200A941E4
:1003500005D24046214690461C460B46024623F0F5
:100360000040104347D0270DC7F30A00C3F30A51DA
:100370000290401A019040286BDAC3F3130040F456
:10038000801B0098924620B10023D2EB030A63EB56
:100390000B0B01985946C0F14002504600F0E6F9B7
:1003A00006460D4650465946019A00F0FEF910EBFC
:1003B00008006141002487EA115284EAE7731A4376
:1003C00040D0009A62B3019A012A4FEA075215DC25
:1003D000001B61EB02014FF0004202EA0752CDE937
:1003E0000042001C41F5801132462B4600F035FAE0
:1003F00003B0BDE8F08F40462146F9E7001B61EBF2
:100400000201001C41F5801300185B412018A2F581
:10041000001747EB030140EAD570B6196D4111E0B2
:100420006D084FEA360645EAC0754FEA0752001BD1
:1004300061EB0201001C41F5801149084FEA3000D0
:100440000019514132462B4603B0BDE8F04F00F091
:10045000F5B90098012240000023D0EB020263EBC3
:10046000E073009821464FEAE074B8EB000061EBBE
:100470000401E9E783F000435BE781F0004158E7BE
:100480002DE9FE4F81EA030404F0004421F000410D
:1004900000944FF0000B23F0004350EA01045ED0BB
:1004A00052EA03045BD0C3F30A54C1F30A552C4447
:1004B000A4F2F3340194A0FB0254C1F3130141F4FC
:1004C0008011C3F3130343F4801301FB024400FBC8
:1004D000034E840A970A44EA815447EA8357A4FBEF
:1004E000076802958D0A05FB07854FEA932C04FBEC
:1004F0000C542705029D4FEA065847EA1637B5EB1C
:1005000008056EEB070C870E920E47EA811742EA48
:100510008312A7FB0201B6EB0B0164EB00042B0D69
:1005200043EA0C335E1844EB1C50DA465146E7FBB5
:100530000201C5F313044FEA0B3343EA14534FEAA5
:100540000432019C43EA0603A4F10C040294009CCB
:10055000CDE900B400F081F903B0BDE8F08F0020D0
:100560000146F9E72DE9F04D81EA030404F0004B60
:1005700021F0004514464FF0000A23F0004150EAF4
:10058000050220D054EA01021DD0C5F30A570246E5
:10059000C5F31303C1F31300C1F30A5640F48015E9
:1005A00043F48013A7EB0608101BD64608F2FD386B
:1005B00073EB050002D308F1010801E092185B41DA
:1005C000B8F1000F03DA00200146BDE8F08D0020ED
:1005D0004FF48011064684460EE0171B73EB0507A7
:1005E00005D3121B63EB050306434CEA010C4908D3
:1005F0004FEA300092185B4150EA0107EDD152EA10
:10060000030012D082EA040083EA0501084305D002
:10061000101BAB4106D20122002306E000224FF05E
:10062000004302E06FF0010253101AEB06004CEB9E
:10063000085110EB0A0041EB0B01BDE8F04D00F052
:10064000FDB80EB5C10F80EAE0700844CA0700216A
:1006500040F233438DE80E000A460B4600F0FDF8E9
:1006600003B000BD0EB540F2334102910021CDE947
:1006700000110A460B4600F0F0F803B000BDC1F3CC
:100680000A5210B5C1F3130140F2FF3341F4801157
:100690009A4201DA002010BD40F233439A42A2F29E
:1006A000334203DC524200F070F810BD904010BDA0
:1006B00000F0004230F000400AD0C10D01F5607139
:1006C000C0F3160042EA0151C208400711437047C7
:1006D000002001467047000030B5041E71F100048F
:1006E00004DB4FF00044404264EB0101141E73F13F
:1006F000000405DB1C464FF00043524263EB040349
:10070000994208BF904230BD01F0004330B421F05F
:10071000004150EA010206D00A0DA2F56072C1F351
:100720001301002A02DC30BC00207047440F44EA69
:10073000C104C100E01830BC00EBC25000F047B863
:1007400030B50B46014600202022012409E021FAA1
:1007500002F59D4205D303FA02F5491B04FA02F59E
:100760002844151EA2F10102F1DC30BD202A04DB71
:10077000203A00FA02F1002070479140C2F12003B4
:1007800020FA03F3194390407047202A04DB203AF3
:1007900021FA02F00021704721FA02F3D040C2F1A1
:1007A00020029140084319467047202A06DBCB17E8
:1007B000203A41FA02F043EAE07306E041FA02F31C
:1007C000D040C2F1200291400843194670470029E9
:1007D000A8BF7047401C490008BF20F001007047C7
:1007E00010B4B0FA80FC00FA0CF050EA010404BF27
:1007F00010BC704749B1CCF1200421FA04F411FA7D
:100800000CF118BF012121430843A3EB0C01CB1DC0
:100810004FEA00614FEA102042BF002010BC704731
:1008200000EBC35010440029A4BF10BC7047401C0B
:10083000490008BF20F0010010BC704710B5141E1D
:1008400073F1000408DA401C41F1000192185B4189
:100850001A4301D120F0010010BD2DE9F04D924660
:100860009B4611B1B1FA81F202E0B0FA80F2203277
:100870009046FFF77BFF04460F4640EA0A0041EA34
:100880000B0153465A46084313D0114653EA010060
:1008900019D0C8F140025046FFF777FF05460E46D3
:1008A000504659464246FFF761FF084305D00120F4
:1008B00004E020463946BDE8F08D0020054346EAB5
:1008C000E0762C4337430A986305E40AA0EB08005E
:1008D0000022FD0A44EA47540A3002D500200146AE
:1008E000E9E7010510196941DDE908450019694189
:1008F000BDE8F04DA2E72DE9F04D00231A461B1A82
:100900008A4103DB00200146BDE8F08DC1F30A52A5
:10091000C1F3130141F480154FF0000BD10702D150
:1009200000186D41521E0027044640F2FF11384660
:1009300001EB620A3E468046024600204FF48011D9
:10094000FFF723FFC2197141BB1846EB0100B4EB5E
:10095000030C75EB000C04D3E41A65EB0005174695
:100960000E46241908F101006D4180463428E3DD6C
:10097000F91946EB0600091BA84103D24FF0FF32DC
:10098000134601E0002213461BEB070046EB0A5119
:10099000BDE8F04DFFF752BFC1F30A52C1F3130196
:1009A00040F2FF3341F480119A4202DA00200146FE
:1009B000704740F233439A42A2F2334202DC524281
:1009C000FFF7E3BEFFF7D2BE064C074D06E0E06836
:1009D00040F0010394E8070098471034AC42F6D386
:1009E000FFF7D6FB78CB000898CB0008002800DC86
:1009F0004042704710B50146806B026C12F0500FF8
:100A000005D0026CD20626D500F06CFD10BD016C3D
:100A100041F40071016401688A6812F0405F17D1E7
:100A2000027EAAB9CA6A12F4700F02D08A6852050F
:100A30000ED44A6822F020024A60016C21F48071D1
:100A40000164016CC90403D4016C41F0010101642B
:100A500000F046FD10BD806BC26CBDE8104008463A
:100A6000104710B5806B40210164416C41F00401D6
:100A7000416400F037FD10BD10B5806B00F031FD12
:100A800010BD0000464910B54A6822F440324A6061
:100A90004A6843681A434A6001684A6822F48072CF
:100AA0004A6001684A68036942EA03224A600168B1
:100AB0004A6822F040724A6001684A6883681A43B3
:100AC0004A6001688A6822F400628A6001688A6864
:100AD000C3681A438A60816A6FF07062D14201680C
:100AE0008A6822F070628A6001688A680CD0836A22
:100AF0001A438A6001688A6822F040528A6001685D
:100B00008A68C36A1A4301E022F040528A60016891
:100B10008A6822F002028A6001688A68037E42EADB
:100B200043028A6090F82010002901684A680FD0BB
:100B300042F400624A6001684A6822F460424A60F6
:100B400001684A68174C436A04EB43331A4301E0D7
:100B500022F400624A600168CA6A22F47002CA6222
:100B60000168CA6A838B104C04EB03531A43CA62B0
:100B700001688A6822F400728A6001688A6890F8C5
:100B8000303042EA43228A6001688A6822F4806237
:100B90008A6001688A68406942EA8020886010BDE6
:100BA0000023014000E0FFFF0000F0FF40F252325E
:100BB0005342914201DD114602E0994200DA1946A2
:100BC000007801280CD002280FD0032812D0042866
:100BD00015D101F5617189B25FF0050004F062BFC3
:100BE00001F5617189B20120F8E701F5617189B2FF
:100BF0000220F3E701F5617189B20320EEE7704747
:100C00002DE9F041054600EE105A0C462DED0E8BF5
:100C1000F8EEC00A00EE104A1746B8EEC01A80EE91
:100C2000810A10EE100AFFF743FD41EC100B06F0AD
:100C300053F89FEDD09B51EC100B53EC192BFFF7A1
:100C40001FFCFFF761FD00EE100AB2EE048ACB48EC
:100C500020EE080A002C80ED010A03DAB1EE400A0A
:100C600080ED010A9FEDC6CADFEDC6EADFEDC6DA08
:100C7000DFF8088308F1100815FB05F014FB0400E9
:100C8000FFF7DFFCDFEDC1CADFEDC18ADFEDC1BADE
:100C90009FEDC1DA08F120059FEDC0AAA5F110066D
:100CA000A5F14804212F7CDA41EC100B06F080F905
:100CB00051EC100BFFF728FD0BEE100AC7F12100D5
:100CC00000EE100AB8EEC0EA2EEE0E0A0BEE0B0A8A
:100CD00010EE100AFFF7ECFC41EC100B06F068F97F
:100CE00051EC100BFFF710FD0AEE900A0AEEAACAAB
:100CF0002AEEAC1A7CEE6E0A80EE810A10EE100A23
:100D0000FFF7D6FC41EC100B05F03AFE53EC192B23
:100D100051EC100BFFF7B4FB8EEE0B0A41EC1C0BF1
:100D200010EE100AFFF7C4FC41EC100B05F0D4FFE5
:100D300053EC192B51EC100BFFF7A2FB53EC1C2BBF
:100D4000FFF7F7FAFFF7E0FC4AEEEA8A206188EE47
:100D5000AB0A10EE100AFFF7ABFC41EC100B05F0EC
:100D60000FFE53EC192B51EC100BFFF789FBFFF72B
:100D7000CBFCD4ED040A00EE100A3DEE601A60EEE2
:100D8000880A31EE401A20EE080A31EE2D1A21EEC3
:100D9000081A85ED011A84ED050AC4ED040A54E031
:100DA000FFE755D141EC100B06F002F951EC100BA6
:100DB000FFF7AAFC0AEE900A0AEEAACA2AEEAC1ABB
:100DC0007CEE6E0A80EE810A10EE100AFFF770FCCE
:100DD00041EC100B05F0D4FD53EC192B51EC100B2A
:100DE000FFF74EFBFFF790FC4AEEEA8A206188EE9F
:100DF000AB0A10EE100AFFF75BFC41EC100B05F09C
:100E0000BFFD53EC192B51EC100BFFF739FBFFF72B
:100E10007BFCD4ED041A00EE100A7DEE610A70EE40
:100E2000C00A20EE080A30EEAD1A71EEAD0A21EECE
:100E3000081A60EE880A85ED011A84ED050AC4EDF2
:100E4000040A7AEE600AC8ED010A3AEE400A8BE025
:100E5000213F00EE107AF8EEC0DA41EC100B06F0FC
:100E6000A7F851EC100BFFF74FFC2DEEAD0A0BEE7F
:100E7000100A0BEE0B0A10EE100AFFF719FC41ECFA
:100E8000100B06F095F851EC100BFFF73DFC0AEE45
:100E9000900ADFED430A2AEEAC1A4AEEAA0A80EE67
:100EA000810A10EE100AFFF703FC41EC100B05F06D
:100EB00067FD53EC192B51EC100BFFF7E1FA8DEEA7
:100EC0008B0A41EC1C0B10EE100AFFF7F1FB41EC12
:100ED000100B05F001FF53EC192B51EC100BFFF731
:100EE000CFFA53EC1C2BFFF724FAFFF70DFC4AEE68
:100EF000EA8A2061C8EEABAA1AEE900AFFF7D8FB87
:100F000041EC100B05F03CFD53EC192B51EC100B90
:100F1000FFF7B6FAFFF7F8FB60611AEE900A10F1DE
:100F2000814F03D99FED1F0A84ED050AD4ED040A11
:100F300094ED051A3DEE600A30EE410A20EE080AF3
:100F400085ED010A20EE880ADFED170A30EE200A4F
:100F500061EE080A84ED040A3AEE400AC4ED050A7F
:100F600088ED010A3AEE600A86ED010ABDEC0E8BAF
:100F7000BDE8F08161376C5B94A94C40845200203D
:100F800000E2B64600103D460000B442000099431E
:100F900000B50A47007C03470000B4430000E14469
:100FA00000B430460000344300006144012006F0E4
:100FB000EBFDFBE7FEE74FF47A74204606F0E4FD14
:100FC000FBE70000184901F1500291ED030AD2ED50
:100FD000030A283A70EE200AB6EE000A60EE800A94
:100FE000C0ED010AD1ED030A92ED031A503270EE02
:100FF000C10A20EE800A80ED020AD1ED030A92EDCB
:10100000030AA03130EE600AD1ED060A91ED051A0F
:1010100070EE810AB0EE001A60EE810A80EE201AAE
:1010200080ED031A704700005851002070B51F4929
:10103000002001F1280208700123137001F1500310
:1010400002241C7001F17804032525704FF4E1653A
:101050004D8355835D836583B4258D8395839D83FF
:10106000A583C883D083D883E08328341E202080C2
:101070009FED0F0A4FF4FA7084ED010A608004209E
:101080009FED0C0A208184ED040A9FED0B0B51ECBF
:10109000100BFFF739FB9FED0A0AE06084ED060AAA
:1010A000B4EE000A84ED050A70BD0000585100201E
:1010B0008FC2753D00606A4754D12E4B9F20C83FB8
:1010C000AE47E13D1148D0ED061A90ED052AA03853
:1010D00031EE822A70EE801A30EE600AF0EE612A5C
:1010E000F0EE400A41EE422A41EE420A01EE020AC7
:1010F00041EE021AC0ED022A2830C0ED020A283063
:1011000080ED020A2830C0ED021A7047F851002025
:10111000024610B500200A4B012901D069B110BD6B
:10112000002103E05C5C6040491CC9B29142F9D3E4
:1011300010BD5C5C6040491CC9B29142F9D310BD3E
:10114000A0020020014800F00DBC00006812002041
:10115000014800F007BC000028100020014800F002
:1011600001BC0000A8110020014800F0FBBB0000FA
:10117000780A0020014800F0F5BB0000E8100020CC
:1011800001681823CAB2103AB2FBF3F2054B6FF3B1
:101190000901032A9B5CC36500D9091D81650846C6
:1011A00070470000D894000810B5014600208B69F4
:1011B0008A6A4FF0C07453B1B3F5005F15D072B1B5
:1011C000012A0CD0022A0AD0032A09D104E01AB15C
:1011D000012A06D0022A03D1C96AC90100D501201B
:1011E00010BDC96AA142FAD010BD002AF7D0012A69
:1011F000F2D0022AF3D0032AF3D010BD30B5046830
:10120000256825F480252560046863608368402B89
:10121000036803D099600068C26030BD9A600068BE
:10122000C16030BD7047000007F016FF53494860A9
:1012300004F07AF8544CDFF84881DFF8489104F163
:10124000280504F1500604F178074C480A21001DD6
:1012500007F0B4FA4C4804F09FF84B48283004F0EB
:101260009BF84948503004F097F84748783004F02C
:1012700093F84548BC30FFF7A5FED8F80000484574
:101280004DDD4148CC3090EC030AFFF71BFFD4ED55
:10129000020A94ED030A3C4802F004FE3A48D5EDF8
:1012A000020A95ED030A283002F0FCFD3648D6ED1F
:1012B000020A96ED030A503002F0F4FD3248D7EDF1
:1012C000020A97ED030A783002F0ECFD2E4894ED07
:1012D000040A0C3006F0BCFB94ED030A2A4884EDA6
:1012E000040A95ED040A343006F0B2FB95ED030ACA
:1012F000254885ED040A96ED040A5C3006F0A8FB4B
:1013000096ED030A204886ED040A97ED040A84301E
:1013100006F09EFB97ED030A87ED040A95E700218E
:10132000194804F0C5F818480021283004F0C0F826
:1013300015480021503004F0BBF8134800217830E4
:1013400004F0B6F89FED110A84ED020A85ED020A59
:1013500086ED020A87ED020A84ED090A84ED080A87
:1013600085ED090A85ED080A86ED090A86ED080A69
:1013700087ED090A87ED080A67E70000B80000203A
:10138000AC0000200000C0405851002000000000C8
:1013900072B6FEE778B50024009490F83C20012A4C
:1013A00019D0012280F83C200A6807230568092A21
:1013B00013D9EE680A3A02EB420293409E43EE6074
:1013C0000B788A680A3B03EB43039A400368DD68A5
:1013D0002A43DA6010E0022078BD2E6902EB420257
:1013E00093409E432E610B788A6803EB43039A4037
:1013F00003681D692A431A614A681F23072A13D20A
:1014000005686E6B521E02EB820293409E436E6330
:101410000B790A885B1E92B203EB83039A40036840
:101420005D6B2A435A6327E005680D2A12D22E6BA2
:10143000D21F02EB820293409E432E630B790A88EF
:10144000DB1F92B203EB83039A4003681D6B2A43B0
:101450001A6311E0EE6A0D3A02EB820293409E435A
:10146000EE620B790A880D3B92B203EB83039A403C
:101470000368DD6A2A43DA62164B0568144A9D4206
:1014800006D10D68122D03D1556845F480055560CD
:1014900005689D4218D10B68102B01D0112B13D178
:1014A000536843F400035360096810290CD10A49BA
:1014B0000A4A0968B1FBF2F101EB8101490000E041
:1014C000491E00910029FBD180F83C40002078BDE6
:1014D00000230140002001401000002040420F0086
:1014E00070477047704770B504004FF0000503D097
:1014F000206C002610B107E0012070BD204600F0EE
:101500001DF8666484F83C60206CC00610D4206C22
:1015100020F4885040F0020020642046FFF7B2FA21
:101520006664206C20F0020040F00100206400E0BE
:10153000012584F83C60284670BD000070B586B077
:10154000064614216846FEF7E9FE1D4930688842C8
:1015500034D11C480025016841F4807101600068A5
:1015600000F48070059017481438016841F00201BA
:1015700001600068694600F00200059001200090BB
:101580000320CDE90105104800F070FB104C0F4816
:10159000C4E900050015A560C4E90350400060617E
:1015A0008000A0614011C4E907052046656200F093
:1015B000A9FA08B1FFF7ECFEB463A66306B070BDEC
:1015C0000020014044380240000402401064024000
:1015D000780A0020F8B5044600200E46009094F8E2
:1015E0003C10012907D0012184F83C1021688B6848
:1015F000DB0702D011E00220F8BD8B6843F0010345
:101600008B604049404B0968B1FBF3F101EB4101AC
:1016100000E0491E00910029FBD121688B68DB05A1
:1016200003D58B6823F480738B6021688B68DB079C
:101630005DD0236C40F20165AB4343F480732364B7
:101640004968490505D5216C21F4005141F48051C8
:101650002164216CC90404D5616C21F00601616428
:1016600000E0606484F83C00A16B2948274DC86302
:10167000A16B28480864A16B2748C86421686FF0F3
:10168000220008602068416841F080614160206864
:10169000816841F4807181602168134632464C3183
:1016A000A06B00F099FA68681C49C006206806D053
:1016B000884224D1816811F0405F13D01FE0884236
:1016C000F8D0174A904203D1D1F80423D206F1D0C2
:1016D000144A904213D1D1F8041301F01F011029CC
:1016E000E8D30CE0816841F08041816007E0206C24
:1016F00040F010002064606C40F001006064002045
:10170000F8BD00001000002040420F0000230140FF
:10171000F5090008790A0008630A00080020014062
:10172000002101400022014070B5040003D094F86C
:10173000200010B104E0012070BD204600F082F8C6
:101740002068016841F00101016000F091FB05464D
:10175000052604E000F08CFB401B0A2811D8206805
:101760004068C007F6D02068016821F002010160DE
:1017700000F07EFB05460BE000F07AFB401B0A28D8
:1017800006D9606A40F40030606284F82060D2E7D5
:10179000206840688007EFD4207E01282068016817
:1017A0003DD021F080010160607E01282068016841
:1017B00038D021F040010160A07E01282068016836
:1017C00033D021F020010160E07E0128206801680B
:1017D0002ED041F010010160207F012820680168AF
:1017E00029D021F008010160607F0128206801688C
:1017F00024D021F004010160D4E902010843D4E9B6
:101800000412114308436168491E08432168C861F6
:1018100000206062012084F82000002070BD41F0AB
:101820008001C0E741F04001C5E741F02001CAE76F
:1018300021F01001CFE741F00801D4E741F00401A5
:10184000D9E7000010B586B0044614216846FEF7BB
:1018500065FD1349206888421FD1124800210268A3
:1018600042F000720260006800F0007005900D48C0
:101870001038026842F0080202600068022200F09C
:10188000080005900320CDE90210CDE900020920EF
:1018900004906946044800F0E9F906B010BD000064
:1018A0000064004040380240000C02402DE9F04145
:1018B0000446876D00F0DCFA064694F835000025F2
:1018C000022806D08020606584F834500120BDE8ED
:1018D000F0812068016821F01601016020684169EB
:1018E00021F080014161206C08B9A06C20B1206812
:1018F000016821F0080101602068016821F0010100
:1019000001600CE000F0B4FA801B052807D9202004
:101910006065032084F8350084F83450D7E72068E8
:101920000068C007EED194F85C103F208840B86092
:10193000012084F8350084F834500020C7E790F87F
:101940003510022903D0802141650120704705210F
:1019500080F835100068016821F001010160002065
:10196000704700002DE9F84304464FF00009CDF818
:10197000009063484FF41651A56D0068B0FBF1F775
:101980002E6894F85C10082000FA01F131420FD063
:1019900021680A6852070BD50A6822F004020A601F
:1019A00094F85C108840A860606D40F001006065AC
:1019B00094F85C104FF0010808FA01F0304208D0AA
:1019C00021684969090604D5A860606D40F00200ED
:1019D000606594F85C1004208840304208D021688B
:1019E0000968890704D5A860606D40F0040060654F
:1019F00094F85C1010208840304218D021680968A3
:101A0000090714D5A86020680168490304D5006857
:101A1000000308D5A16C07E00168C90503D401687B
:101A200021F008010160216C09B12046884794F833
:101A30005C1020208840304231D021680968C906F6
:101A40002DD5A86094F8350005282068016806D0D7
:101A5000490347D5006800031DD4616C1CE021F0E8
:101A6000160101602068416921F080014161206C0C
:101A700008B9A06C20B12068016821F0080101605C
:101A800094F85C103F208840A86084F8358084F882
:101A90003490216D1FE0E16B09B120468847606DED
:101AA00000282BD0606DC00714D0052084F83500C5
:101AB0002068016821F0010101600098401C00903D
:101AC000B84203D820680068C007F6D184F8358092
:101AD00084F83490E16C002910D001B02046BDE8B4
:101AE000F04308470168C905D5D4016821F0100109
:101AF000016084F8358084F83490CCE7BDE8F88341
:101B0000100000202DE9F041044600F0B1F906462E
:101B10005CB1022084F83500002584F83450206838
:101B2000016821F0010101600DE00120BDE8F081B4
:101B300000F09EF9801B052805D920206065032050
:101B400084F83500F2E720680068C007F0D1226809
:101B5000116820480140D4E901031843D4E9033651
:101B60003343184363691843A3691843E36918436F
:101B7000236A18430843616A042903D1D4E90B138B
:101B800019430843106020684069666A20F0070125
:101B900030460E43012704280CD1A06A0643E06AB0
:101BA00040B12046FFF700FB20B14020606584F87B
:101BB0003570BAE7206846612046FFF7E1FA94F8ED
:101BC0005C203F2191408160656584F8357000207C
:101BD000ACE700003F8010F02DE9F0410446866D2F
:101BE00090F83400002501280DD0012084F834003D
:101BF00094F835700020012F07D084F834000225B6
:101C00002846BDE8F0810220FBE7022784F8357002
:101C100060652046FFF7F2FA94F85C103F20884098
:101C2000B0602068016841F016010160206C20B1AD
:101C30002068016841F0080101602068016841F0F6
:101C400001010160DCE7000070B5044600F010F906
:101C50000546601C02D004480078044400F008F9EE
:101C6000401BA042FAD370BD040000202DE9F84FBC
:101C7000DFF8BCA10022012503264FF00F090AF16D
:101C8000040BAAF1040E00BF0B6805FA02F423400E
:101C9000A34270D10F7907F00307012F01D0022F63
:101CA00016D187684FEA420806FA08FC27EA0C07B3
:101CB000D1F80CC00CFA08FC4CEA070CC0F808C0BC
:101CC0004768A7430C79C4F3001494403C43446034
:101CD0000C79E443A4070AD0C4684FEA420C06FA20
:101CE0000CF7BC438F6807FA0CF72743C7600C79E1
:101CF00004F00304022C12D1D40800EB840CDCF8AD
:101D000020405707FF0E09FA07F824EA0804D1F823
:101D1000108008FA07F848EA0408CCF82080046824
:101D20004FEA420C06FA0CF7BC430F7907F00307A1
:101D300007FA0CF7274307604C6814F4403F70D053
:101D40003C4C276847F480472760246822F003074B
:101D500004F480440094384C07EB040CDCF8084889
:101D600097074FEA177809FA08F7BC43334FB84290
:101D700002D1002724E054E0314FB84201D10127BD
:101D80001EE0304FB84201D1022719E02E4FB84271
:101D900001D1032714E02D4FB84201D104270FE0F1
:101DA0002B4FB84201D105270AE02A4FB84201D192
:101DB000062705E0284FB84201D1072700E0082791
:101DC00007FA08F72743CCF80878DAF800405746B6
:101DD000D1F804C09C435FEACC2C00D51C433C6086
:101DE000DBF800405F46D1F804C09C435FEA8C2CCE
:101DF00000D51C433C60DEF800407746D1F804C0B3
:101E00009C435FEA8C3C00D51C433C60084F083F74
:101E10003C68D1F804C09C435FEACC3C00D51C432D
:101E20003C60521C102AFFF42FAFBDE8F88F000071
:101E3000083C0140443802400030014000000240AC
:101E40000004024000080240000C02400010024062
:101E50000014024000180240001C024000690840C3
:101E600000D0012070470AB1816170470904FBE787
:101E70000148806870470000040000200248816823
:101E80000278114481607047040000200B4810B5AF
:101E9000016841F400710160016841F480610160F2
:101EA000016841F480710160032000F09FF8052073
:101EB00000F006F800F050F8002010BD003C024091
:101EC00030B505461F4887B00024016841F4807191
:101ED0000160006806A900F48070009001A800F07D
:101EE00031F90498A8B100F04DF940001649174A9D
:101EF000B0FBF1F11648491E026040F2E732C0E93A
:101F00000324C0E90114846100F084FD040003D0BF
:101F100015E000F037F9E9E70D4800F0EFFD0400A7
:101F20000DD12D2000F034F8102D07D200222946C3
:101F30002D2000F03BF80748056000E0012407B0C1
:101F4000204630BD4038024040420F000020004093
:101F5000C8120020080000200C4882B0016841F43B
:101F600080410160006800F4804000900748001F35
:101F7000016841F0805101600068002200F080504B
:101F800000900F21901E02B000F010B844380240BB
:101F9000002809DB00F01F02012191404009800068
:101FA00000F1E020C0F8001170470000F0B40E4BC3
:101FB0001B680C46C3F30223C3F10705042D00D9A7
:101FC0000425191D072901D2002300E0DB1E01268C
:101FD00006FA05F1491E214099409E40761E1640A2
:101FE0003143F0BC04F0BCBC0CED00E0064900F04D
:101FF000070208684FF6FF03184040EA0220034A30
:1020000010430860704700000CED00E00000FA0586
:102010002DE9F0470E46050065D0DFF81481D8F8A9
:102020000000F7B200F00700B04207D288F8007055
:10203000D8F8000000F00700B04254D128683D4CA9
:10204000810712D5400703D5206840F4E050206096
:102050002878000703D5206840F46040206020689D
:10206000A96820F0F000084320602878C0072DD030
:10207000304968680839012812D0022813D0032893
:1020800011D00968890700292DDA216821F00301A0
:1020900001432160FFF7ECFE814641F2883A0EE0F1
:1020A00009688903EFE709688901ECE7FFF7E0FEBB
:1020B000A0EB0901514502D90320BDE8F087206853
:1020C000696800F00C00B0EB810FEFD1D8F8001078
:1020D000404601F00701B14207D90770006800F0DF
:1020E0000700B04201D00120E7E72878400705D576
:1020F0002068E96820F4E050084320602878000751
:1021000006D52068296920F4604040EAC1002060BB
:1021100000F058F82168084AC1F30311515CC84027
:102120000649086006480068FFF7CAFE0020C4E7B9
:10213000003C024008380240E094000810000020F3
:10214000080000200F2202600C4A136803F003030A
:102150004360136803F0F0038360136803F4E053F3
:10216000C36012684FF4E05303EAD20202610448EC
:10217000006800F00700086070470000083802405F
:10218000003C02400448054900680968044AC1F35C
:102190008221515CC840704710000020083802407E
:1021A000F09400080448054900680968044AC1F32E
:1021B0004231515CC840704710000020083802408E
:1021C000F0940008154810B5006810F00C0214488F
:1021D00013D04110042A0FD0082A0ED10F4C241F0F
:1021E0002268236802F03F025B0207D52068C0F333
:1021F0008810A0FB010106E0084610BD2168C1F36C
:102200008811A1FB00010023FEF73CF82168C1F30F
:102210000141491C4900B0FBF1F010BD08380240F3
:102220000024F4002DE9F84F04006ED02078DFF888
:102230004C93C007A9F104054AD009F104000168D4
:10224000C1F38101012908D00068C0F38100022890
:102250000AD1D9F80000400206D52868800337D596
:1022600060680028E1D033E06068B0F5803F10D0AE
:10227000B0F5A02F286810D020F48030286028689E
:1022800020F4802028606068A8B1FFF7F1FD0646C1
:102290000DE0286840F48030F4E740F480202860A6
:1022A000F7E700BFFFF7E4FD801B642873D82868B8
:1022B0008003F7D50CE0FFF7DBFD064605E000BF25
:1022C000FFF7D6FD801B6428F0D828688003F7D478
:1022D0002078DFF8AC8280074FF0000A3ED5A7488F
:1022E000001D016811F00C0F08D00068C0F38100D8
:1022F00002280BD1D9F80000400207D428688007D3
:1023000016D5E068012800D112E033E1E068B8B1E9
:102310000120C8F80000FFF7ABFD064605E000BF4E
:10232000FFF7A6FD801B0228C0D828688007F7D5D4
:102330002868216920F0F80040EAC10028600DE01B
:10234000C8F800A0FFF794FD064604E0FFF790FDF3
:10235000801B02281FD828688007F7D42078000740
:1023600022D5864F87486169703771B101210160BC
:10237000FFF77EFD064604E0FFF77AFD801B02288A
:1023800009D838688007F7D50EE0C0F800A0FFF73D
:102390006FFD064605E082E0FFF76AFD801B02281C
:1023A0007DD838688007F7D42078400768D5DFF8F3
:1023B000CCB100270BF13C0BDBF80000C0000BD4C4
:1023C000DBF8001041F08051CBF80010DBF8000082
:1023D000012700F0805000906B4E3068C00510D48B
:1023E000306840F480703060FFF742FD009005E0F7
:1023F000FFF73EFD0099401A022850D83068C0050A
:10240000F6D55E4EA0686C3601280FD005283068DE
:1024100010D020F001003060306820F004003060FF
:10242000A068B8B1FFF724FD00900FE0306840F0DD
:102430000100F4E740F004003060F7E7FFF718FD13
:102440000099411A41F28830814266D8306880078D
:10245000F4D50EE0FFF70CFD009007E0FFF708FD54
:102460000099411A41F28830814256D8306880077D
:10247000F4D42FB1DBF8001021F08051CBF800101C
:10248000A069C8B33D49091D0968C1F3810102294A
:102490004AD00228504607D0C8F8600000E03CE06F
:1024A000FFF7E6FC04463BE04746C8F86000FFF74C
:1024B000DFFC064605E000BFFFF7DAFC801B0228C0
:1024C0002BD828688001F7D4D4E907010843A16A12
:1024D0002E4A490802EB0141626A41EA821108432F
:1024E00094F82C1040EA0161C9F800100120386608
:1024F000FFF7BEFC044606E03EE000BFFFF7B8FC75
:10250000001B022809D828688001F7D534E000BFF5
:10251000FFF7AEFC001B022802D90320BDE8F88FAC
:1025200028688001F4D427E00128F7D0D9F800000A
:10253000E26900F4800191421CD1226A00F03F015F
:10254000914217D147F6C071626A0140B1EB821F18
:1025500010D1A26A4FF0FF3300F4403103EB520276
:10256000B1EB024F06D194F82C1000F07060B0EB84
:10257000016F01D00120D1E70020CFE704380240ED
:1025800000004742800E4742007000400000FFFFFD
:102590007047000038B5016804464A688868C0433F
:1025A000430606D5C30704D1D3435B0601D4216C8F
:1025B00005E0830708D4D3431B0605D4616C01B042
:1025C0002046BDE830400847830603D5430601D5C1
:1025D000C30551D4D3439B064ED443060AD494F882
:1025E0005130032B49D0636D43F004036365CB681E
:1025F0008B680093830609D4636D43F00103636520
:102600008B6800930B6823F040030B60C00506D471
:10261000606D40F008006065206880680090606D23
:10262000002829D02068416821F0E00141600120A4
:1026300084F85100900701D4D00722D02068416867
:1026400021F003014160114DE06C40B10565E06C83
:10265000FFF775F918B1606D40F040006065A06C3F
:10266000002809D00565A06CFFF769F9002803D0A0
:10267000606D40F04000606538BDC86888680090B3
:1026800038BD2046FFF784FF38BD0000855900089B
:1026900070B5040009D0606A002540B1256165610C
:1026A000A56294F8510040B10CE0012070BD606853
:1026B000B0F5827FF4D0E561F2E784F8505020460F
:1026C00000F044F8022084F851002068016821F0ED
:1026D00040010160A088218900F4827001F4044166
:1026E0000843A18901F400610843217C01F0020143
:1026F0000843217D01F001010843218B01F40071A1
:102700000843217F01F03801084394F8201001F0BC
:1027100080010843218D01F40051084321680860BD
:10272000A069042101EA104094F8241001F010017E
:102730000843216848602068C16921F40061C161D3
:102740006565012084F85100002070BD10B586B089
:10275000044614216846FDF7E1FD174920688842C8
:1027600028D116480021026842F4805202600068B5
:1027700000F48050059011481438026842F00102BC
:102780000260006800F001000590E0200090022047
:10279000CDE9010103200390052004906946084813
:1027A000FFF764FA002205212320FFF7FFFB232017
:1027B000FFF7EEFB06B010BD003001404438024088
:1027C000000002402DE9F84F044690F85000002721
:1027D0001D461646894601280DD04FF0010B84F89E
:1027E00050B0FFF745FB804694F85100BA460128E7
:1027F00004D0022793E00220BDE8F88FB9F1000F62
:1028000073D0002E71D0032084F85100C4F854A076
:10281000C4F83090A686E686C4F838A0A4F83CA098
:10282000A4F83EA0C4F844A0C4F840A0A068B0F545
:10283000004F09D12068016821F040010160206843
:10284000016841F48041016020680168490603D4B1
:10285000016841F040010160E068B0F5006F606818
:1028600003D030B3012E24D041E008B1012E1CD199
:10287000206B21680088C86006E0206881688907AD
:1028800009D5216B0988C160206B801C2063E08E14
:10289000401EE08609E0FFF7EBFAA0EB0800A84233
:1028A00002D3681C01D031E07DB3E08E0028E4D172
:1028B00020E0206B21680078087306E020688168BA
:1028C000890709D5216B09780173206B401C2063AF
:1028D000E08E401EE0860AE0FFF7CAFAA0EB08008F
:1028E000A84203D3681C02D010E017E06DB1E08E5F
:1028F0000028E3D142462946204603F04BF808B1B0
:1029000020206065A06818B106E0FFE7032706E015
:102910002068C16880680090606D00B1012784F86C
:1029200051B084F850A0384666E77047704710B53C
:1029300090F83C20012A22D0012280F83C20CA686D
:102940008C6822F4407222434C6822F48062224355
:102950000C6822F4006222430C6922F48052224364
:102960004C6922F400522243C969002322F48042B8
:102970000A4301684A6480F83C30002010BD022000
:1029800010BD000070B590F83C20012A32D001241F
:1029900080F83C40022280F83D2003685A689D6818
:1029A00022F070060A6832435A60134B02689A425A
:1029B00014D0B2F1804F11D0104B9A420ED0104B70
:1029C0009A420BD00F4B9A4208D00F4B9A4205D037
:1029D0000E4B9A4202D00E4B9A4204D1496825F020
:1029E00080031943916080F83D40002180F83C103D
:1029F000084670BD022070BD000001400004004088
:102A000000080040000C004000040140004001406C
:102A10000018004010B5040003D094F83D0010B138
:102A200007E0012010BD002084F83C00204600F0A3
:102A30001FF8022084F83D00211D206803F09AFB56
:102A4000012084F8460084F83E0084F83F0084F8B2
:102A5000400084F8410084F8420084F8430084F880
:102A6000440084F8450084F83D00002010BD0000BB
:102A700008B51D4A01681D48914207D1016841F01F
:102A800010010160006800F0100020E0184A914237
:102A900011D1016841F0200101600068002200F0BE
:102AA0002000009005213720FFF780FABDE808409C
:102AB0003720FFF76DBA0D480E4A001D914208D12C
:102AC000016841F400310160006800F400300090BA
:102AD00008BD094A9142FBD1016841F4802101609F
:102AE000006800F48020F2E7001000404038024007
:102AF00000140040004401400048014090F83D109F
:102B0000012901D001207047022180F83D100168A1
:102B1000CA6842F00102CA6000681149884214D0B4
:102B2000B0F1804F11D00F4988420ED00E49884233
:102B30000BD00E49884208D00D49884205D00D4976
:102B4000884202D00C49884204D1816801F0070113
:102B5000062903D0016841F001010160002070479F
:102B6000000001400004004000080040000C00404C
:102B70000004014000400140001800402DE9F041F0
:102B80000D46040003D094F83D0018B108E0012080
:102B9000BDE8F081002084F83C00204600F040F8B9
:102BA000022084F83D002068816844F207029143C6
:102BB0008160211D206803F0DDFA22689068916928
:102BC000166A2B68AF69034340F20330814341EA40
:102BD0000721A868EF6908434FF6FC418843E9687C
:102BE00040EA0720014328692F6A000140EA0730C4
:102BF000084369686D6926F0AA0646EA0515294367
:102C000093602268906154F8460B0162012004F839
:102C10001F09E0752076E0762077A0750020B7E7E1
:102C2000F0B587B0044614216846FDF777FB584994
:102C300023680024564810390225564A564EB3F1EF
:102C4000804F27D0554FBB4259D1026842F0020253
:102C50000260006800F002000590086840F0020081
:102C600008600868694600F0020005903020009076
:102C7000CDE901543046CDE90345FEF7F7FF0022C8
:102C800005211D20FFF792F95FF01D00FFF780F985
:102C900007B0F0BD036843F001030360006800F073
:102CA00001000590086840F001000860086800F025
:102CB00001000590086840F00200086008680127DC
:102CC00000F0020005904FF400400090CDE901545F
:102CD000CDE9034769461046FEF7C8FF082000907B
:102CE000CDE90154CDE9034769463046FEF7BEFF02
:102CF000002205211C20FFF759F91C20C6E7284FA8
:102D0000BB4220D1026842F004020260006800F079
:102D100004000590086840F00200086008686946F1
:102D200000F002000590C0200090CDE9015430462B
:102D3000CDE90345FEF79AFF002205211E20FFF78B
:102D400035F91E20A2E7174EB342A1D1036843F024
:102D500008030360006800F008000590086840F070
:102D6000010008600868694600F001000590032032
:102D70000090CDE901541046CDE90345FEF776FFFA
:102D8000002205213220FFF711F932207EE70000F2
:102D900040380240000002400004024000040040AD
:102DA00000080040000C004070B590F83E600446FA
:102DB00090F83F5090F8423090F84320022021B123
:102DC00004290ED0012E1BD114E0012E18D1012BA5
:102DD00016D184F83E0084F84200012200212068C8
:102DE00020E0012D0CD1012A0AD184F83F0084F89B
:102DF000430014E0012D03D1012B01D1012A01D0A0
:102E0000012070BD84F83E0084F83F0084F8420041
:102E100084F8430001220021206803F00FFA012208
:102E20000421206803F00AFA2068016841F00101DA
:102E30000160002070BD704770B5044600680169EC
:102E40004FF00005C943890715D4C168C9438907F4
:102E500011D4E91E01610120207720688069800774
:102E6000204602D0FFF7E7FF04E000F025F92046F6
:102E700000F0FCF9257720680169C943490717D498
:102E8000C168C943490713D46FF0040101610220EE
:102E900020772068806910F4407F204602D0FFF739
:102EA000CAFF04E000F008F9204600F0DFF92577BA
:102EB00020680169C943090716D4C168C9430907D5
:102EC00012D46FF008010161042020772068C069E6
:102ED0008007204602D0FFF7AEFF04E000F0ECF8D8
:102EE000204600F0C3F9257720680169C943C90667
:102EF00017D4C168C943C90613D46FF0100101612A
:102F0000082020772068C06910F4407F204602D056
:102F1000FFF791FF04E000F0CFF8204600F0A6F99B
:102F2000257720680169C943C90708D1C168C94329
:102F3000C90704D1891E0161204600F0FDF920680F
:102F40000169C943090609D4C168C943090605D402
:102F50006FF0800101612046FFF7E7FC20680169FE
:102F6000C943490609D4C168C943490605D46FF06D
:102F700040010161204600F0E9F920680169C94378
:102F800089060BD4C168C943890607D46FF02001B4
:102F900001612046BDE87040FFF7C8BC70BD00006D
:102FA00070B586B0044614216846FDF7B7F9384D70
:102FB00023680022374902243748AB420ED10B6800
:102FC00043F010030B60096801F0100105914FF404
:102FD000D4410091CDE90142012155E02F4E032556
:102FE000B34213D1086840F00400086008686946DD
:102FF00000F0040005904FF470700090CDE901429C
:1030000027482EE0FEF732FE06B070BD254EB342D3
:1030100009D10B6843F010030B60096801F010013F
:103020000591602119E0204E2048B34209D10B6878
:1030300043F002030B60096801F00201059181155C
:103040000BE01B4EB3420FD10B6843F002030B6041
:10305000096801F00201059171150091CDE9014265
:103060006946CDE90325CDE7124DAB42CCD10B68C3
:1030700043F002030B60096801F002010591E900C9
:103080000091CDE901420921CDE903216946B9E763
:1030900000000140303802400010024000040140AE
:1030A000000802400040014000440140000402408A
:1030B0000048014000180040704770B5044690F881
:1030C0003C0000260D4601280FD0012084F83C006A
:1030D0006AB1042A1DD0082A2FD00C2A3FD001261D
:1030E000002084F83C00304670BD022070BD20688E
:1030F00003F0B2F82068816941F00801816120681D
:10310000816921F004018161206881692A69114384
:1031100011E0206803F0D0F82068816941F4006173
:1031200081612068816921F4806181612068816901
:103130002A6941EA02218161D2E7206803F0F2F8AE
:103140002068C16941F00801C1612068C16921F0AE
:103150000401C1612068C1692A69114311E0206836
:1031600003F014F92068C16941F40061C16120686D
:10317000C16921F48061C1612068C1692A6941EA9D
:103180000221C161ACE710B5040003D094F83D0002
:1031900010B107E0012010BD002084F83C0020465B
:1031A00000F01EF8022084F83D00211D206802F086
:1031B000E1FF012084F8460084F83E0084F83F00D7
:1031C00084F8400084F8410084F8420084F8430009
:1031D00084F8440084F8450084F83D00002010BDC8
:1031E00008B51D4A01681D48914207D1016841F0A8
:1031F00001010160006800F001001EE0184A9142E0
:1032000011D1016841F0020101600068002200F064
:103210000200009005212D20FEF7C8FEBDE8084001
:103220002D20FEF7B5BE0F4A914208D1016841F446
:1032300080310160006800F48030009008BD0A48C9
:103240008142FBD10548001F016841F04001016047
:10325000006800F04000F0E7000001404438024000
:103260000004014000400140001800407047000089
:1032700010B50446022249B104290ED0082913D002
:1032800094F84100012816D0012010BD94F83E00AA
:103290000128F9D184F83E200FE094F83F0001287E
:1032A000F2D184F83F2008E094F840000128EBD1E7
:1032B00084F8402001E084F841200122206802F0D7
:1032C000BDFF16492068164A884201D0904203D1BA
:1032D000436C43F4004343642068884213D0B0F148
:1032E000804F10D00F4988420DD00F4988420AD034
:1032F0000E49884207D0904205D00D49884202D03D
:103300000C49884204D1816801F00701062903D0E5
:10331000016841F001010160002010BD0000014082
:10332000000401400004004000080040000C004080
:10333000004001400018004000680349884201D164
:10334000FEF79CBD7047000000200040704738B574
:10335000044690F83E00202822D181B17AB194F839
:103360003C0001281CD0012084F83C00206320464A
:1033700003F0F6F9002803D1216B012901D00120C7
:1033800038BD21680A684968009121680C3151E80C
:10339000002F42F0100241E80023002BF5D138BD88
:1033A000022038BD10B50C4600680E49884203D192
:1033B000C8220D490D480FE00D49884210D1204622
:1033C00002F002F908492246C839084800F08CFB8F
:1033D0000549C8220748C839BDE81040FFF7B7BF04
:1033E00010BD000000480040D8010020840F0020DC
:1033F00000100140FC0E002070470000F8B5016885
:1034000004460868CA684B6910F00F0F4FF00005BA
:1034100059D003F0010602F49077374365D0C10715
:1034200005D0D10503D5216C41F00101216441078C
:1034300005D5D90703D0216C41F002012164810731
:1034400005D5D90703D0216C41F00401216401079F
:1034500007D502F02001314303D0216C41F008016F
:103460002164216C00293AD0800604D5900602D54B
:10347000204603F08FF820684069216CC0F380106B
:10348000090700D460B3204603F04FF82068406974
:10349000400621D52068143050E8001F21F040017B
:1034A00040E80012002AF5D1A06BA8B16C49016573
:1034B000A06BFEF744FA002811D0A06B016D01B09B
:1034C000BDE8F040084783060FD593060DD520468A
:1034D000BDE8F84003F05EB82046FFF78DFFF8BD69
:1034E0002046FFF789FF2564F8BD266B2023012EB7
:1034F00079D1C60677D5D60675D508684868009094
:103500004869400640D5A16B086840680004000C7B
:10351000EAD0A28D8242E7D9E085C869B0F5807F04
:103520002DD020680C3050E8001F21F4807140E855
:103530000012002AF5D12068143050E8001F21F055
:10354000010140E80012002AF5D12068143050E84B
:10355000001F21F0400140E80012002AF5D184F854
:103560003E30256320680C3050E8001F21F0100128
:1035700040E80012002AF5D1A06BFEF797F9A08D64
:10358000E18D401A81B229E0A08DE18D401A81B20F
:10359000E08D0028A8D00029A6D020680C3050E883
:1035A000002F22F4907240E80026002EF5D120680A
:1035B000143050E8002F22F0010240E80026002ECF
:1035C000F5D184F83E30256320680C3050E8002F98
:1035D00022F0100240E80023002BF5D12046FFF72F
:1035E000E1FEF8BDFFE705062BD5150629D594F8B1
:1035F0003D002128F5D1A068B0F5805F01D1206998
:10360000B0B1206A411C2162216800784860E08CDA
:10361000401E0004000CE084E3D12068C16821F062
:103620008001C1602068C16841F04001C160D8E7F5
:10363000206A0088C0F308004860206A801C20626D
:10364000E5E74006CDD55006CBD5CA68204622F026
:103650004002CA6084F83D3000F08CFAC1E70000F7
:10366000E963000870B5040004D094F83D0000251B
:1036700010B106E0012070BD84F83C50204600F0F7
:1036800023F8242084F83D002068C16821F400510B
:10369000C160204602F0DEFF2068016921F49041FC
:1036A00001612068416921F02A0141612068C168F7
:1036B00041F40051C1602564202084F83D0084F865
:1036C0003E00002070BD00002DE9F04F87B0044699
:1036D00014216846FCF722FEC948DFF82083103821
:1036E00002212768C64B03228D0606154FF04009BC
:1036F0004FF0000C474559D1E0466746D3F800C06B
:103700004CF4002CC3F800C01B6803F4002305939D
:10371000036843F004030360006800F004000590B0
:1037200090028DE883000820CDE903206946B54862
:10373000FEF79CFADFF8D4A2B34950468AE8A2000B
:10374000C0E90376CAF81470CAF81870CAF81C7079
:10375000CAF82070CAF82470FEF7D4F908B1FDF752
:1037600017FEAA4FA848C4F838A060373030CAF80E
:10377000384087E82102C7E90386C7F81480C7F8F4
:103780001880C7F81C80C7F820803846C7F8248006
:10379000FEF7B8F908B1FDF7FBFD676300220521CC
:1037A0003420BC63FEF702FC342061E0DFF8608265
:1037B0004FF0070A474560D1914BE0461B1D674615
:1037C000D3F800C04CF0100CC3F800C01B6803F025
:1037D00010030593036843F001030360006800F0E1
:1037E000010005904FF4C0608DE88300CDE9032A05
:1037F00069468848FEF73AFADFF810A286490AF1CE
:10380000C00A50468AE8A200C0E90376CAF81470DC
:10381000CAF81870CAF81C70CAF82070CAF8247068
:10382000FEF770F908B1FDF7B3FD7B487B4FC4F894
:1038300038A07830CAF8384087E82102C7E9038603
:10384000C7F81480C7F81880C7F81C80C7F8208014
:103850003846C7F82480FEF755F908B1FDF798FD02
:103860006763002205212520BC63FEF79FFB25200E
:10387000FEF78EFB07B0BDE8F08FDFF8A481DFF81C
:10388000A4B147455BD1E0466746D3F800C04CF48D
:10389000003CC3F800C01B6803F4003305930368C1
:1038A00043F008030360006800F008000590602002
:1038B0008DE88300CDE9032A69465846FEF7D6F91C
:1038C000DFF858A150490AF1600A48318AE8A2009D
:1038D0005046C0E90376CAF81470CAF81870CAF8DE
:1038E0001C70CAF82070CAF82470FEF70BF908B1F2
:1038F000FDF74EFD494F4448C4F838A0C03760304A
:10390000CAF8384087E82102C7E90386C7F814805F
:10391000C7F81880C7F81C80C7F820803846C7F859
:103920002480FEF7EFF808B1FDF732FD676300224F
:1039300005212620BC63FEF739FB262098E7DFF837
:10394000E880474596D1E0466746D3F800C04CF47E
:10395000802CC3F800C01B6803F480230593036820
:1039600043F008030360006800F0080005904FF47E
:1039700040708DE88300CDE9032A69465846FEF77A
:1039800075F9DFF8A8A02049504618398AE8A20046
:10399000C0E90376CAF81470CAF81870CAF81C7027
:1039A000CAF82070CAF82470FEF7ACF808B1FDF729
:1039B000EFFC1E4F1448C4F838A060371830CAF81E
:1039C000384087E82102C7E90386C7F81480C7F8A2
:1039D0001880C7F81C80C7F820803846C7F82480B4
:1039E000FEF790F808B1FDF7D3FC676300220521CC
:1039F0002720BC63FEF7DAFA272039E7004C0040A5
:103A0000403802400008024040600240C80F0020D9
:103A1000001001400000024040640240E810002015
:103A200000440040000C0240004800400812002002
:103A3000704770472DE9F843044690F83D001F4653
:103A400016460D4620284CD1C5B1BEB194F83C00B5
:103A5000012846D0012084F83C004FF00008C4F84B
:103A60004080212084F83D00FEF702FAA6848146BA
:103A7000E684A068B0F5805F03D004E00120BDE8D3
:103A8000F883206928B12E465FF0000584F83C8059
:103A90000EE00026FAE78021204602F0ABFEA0B936
:103AA000AEB116F8010B21684860E08C401EE0843E
:103AB000E08C4B464FF0000200970028EBD14FF00E
:103AC0004001204602F096FE30B10320D7E735F8DA
:103AD000020BC0F30800E6E7202084F83D00002038
:103AE000CDE70220CBE7000070B5044690F83D001A
:103AF000202836D191B38AB394F83C00012830D005
:103B0000012084F83C002162A284E284002525641F
:103B1000212084F83D00636B1348D863636B13481E
:103B20001864636B1248D864606B13460565266899
:103B3000606B321DFEF750F821686FF0400008609E
:103B400084F83C502068143050E8001F41F0800198
:103B500040E80012002AF5D1002070BDFFE70120E7
:103B6000FBE70220F9E70000DF6400082165000898
:103B7000F963000870477047FEE7000000B585B0A4
:103B800014216846FCF7CAFB4FF440600090012006
:103B9000019002900220039069460248FEF766F801
:103BA00005B000BD00040240FF20401EFDD270475A
:103BB00070B50C4D4FF40064002221462846FEF7F4
:103BC00052F9012291022846FEF74DF9FFF7ECFF6A
:103BD000012221462846FEF746F9BDE87040FFF76E
:103BE000E3BF0000000402402DE9F04781460024B5
:103BF00001F092FE0122154ED70239463046FEF7FB
:103C000032F90025B84637156006040E0122394600
:103C10003046FEF728F9FFF7C7FF41463046FEF76A
:103C20001DF908B1641CE4B2002239463046FEF7A3
:103C30001AF901F089FEFFF7B7FF6D1C082DE3DBD1
:103C4000484600F06FF82046BDE8F08700040240C7
:103C50002DE9F041124F002405464FF400683E154F
:103C6000280601D5012200E0002241463846FEF731
:103C7000FAF8FFF799FF012231463846FEF7F3F8CC
:103C8000FFF792FF002231463846FEF7ECF868064F
:103C9000050E641C082CE3DBBDE8F04100F022B8FF
:103CA0000004024070B501220D4DD4022146284681
:103CB000FEF7D9F80122960231462846FEF7D3F8DE
:103CC000FFF772FF002221462846FEF7CCF8FFF7E7
:103CD0006BFF31462846BDE870400022FEF7C3B8AE
:103CE0000004024070B501220D4DD4022146284641
:103CF000FEF7B9F8FFF758FF012296023146284631
:103D0000FEF7B1F8FFF750FF21462846FEF7A6F868
:103D10000446002231462846FEF7A5F8204670BD2D
:103D20000004024070B50E4C4FF40061012814D01D
:103D300000222046FEF797F8FFF736FF0122950292
:103D400029462046FEF78FF8FFF72EFF294620462A
:103D5000BDE870400022FEF786B80122E9E70000C6
:103D60000004024000F00CFC4FF4FA7003F00CFF6A
:103D700005F072F9494CDFF828B104F1180A0BF18B
:103D80001809A06045480A21083004F017FD00F02A
:103D9000C5FB424D6080207805F10C05002805F137
:103DA000040205F1020128462FD000F085FB56469B
:103DB000321D911E05F10C0000F097FB2988BBF81D
:103DC0000020BBF808008B1AA91D6A88AD88BBF8D3
:103DD0000470281A00F580408880D21B3588B9F815
:103DE0000070B9F80800A5EB070C7788B68801F1D8
:103DF0000C05B9F80480301AA8800B804A80A7EB24
:103E00000807A5F800C06F80BCE700F055FB5646D8
:103E10002248321D911E183000F067FB2048B5F98A
:103E200000200C3801680A440260B5F9023041688C
:103E300019444160B5F9045083682B4483601830FD
:103E4000B6F9007005682F440760B6F902C04568EE
:103E500065444560B6F90460D0F808C066448660E1
:103E60006068401C6060B0F5FA7F8BD192FBF0FC7B
:103E700091FBF0F1CBE900C193FBF0F197FBF0F27D
:103E8000CBF80810C9F8002095FBF0F296FBF0F093
:103E9000C9E901200120207074E70000C80000205B
:103EA0004852002030EEC00A44F23C1280ED080A6D
:103EB000D0ED090AB0F91A1030EE601A00EE901A2F
:103EC000B0F91C10F8EEE00A61EE200A01EE101ABB
:103ED000B0F91810B8EEC11A41EE000A01EE101A3E
:103EE000B8EEC11A70EE810AFDEEE00A10EE901AEB
:103EF00009B20183914202DC5242914200DA02830C
:103F000080ED090A7047000010B5084C01212046D9
:103F1000FDF7A4FF30B102212046FDF79FFF18B145
:103F2000002010BD022010BD012010BD0010024075
:103F30002DED028B012212491248FDF74BFB104C6C
:103F40009FED118ADFED118A241F00BFFFF7DCFF10
:103F50002070617820EA01024140E2708143A17043
:103F60006070A08800EE100A3220B8EE400A20EE01
:103F7000080A20EE280A84ED020A03F005FEE5E7B0
:103F8000A8000020300A0020000004420000803910
:103F90002DE9F04104461D4616460F462A2000F042
:103FA0005FFA204600F052FA304600F04FFA2B201C
:103FB00000F056FA384600F049FA284600F046FA72
:103FC000BDE8F0412C2000F04BBA00002DE9FF5F66
:103FD000814618488B4600EB4217002509F1100A6C
:103FE0004FF001080BEB050000F110018BB281B21C
:103FF0001FFA8AF21FFA89F0FFF7CAFF0026002491
:10400000397808FA04F0014201D0039800E00E98D4
:1040100000F01CFA641CE4B2082CF1D3761CF6B252
:104020007F1C022EEBD36D1CEDB2102DDAD3BDE850
:10403000FF9F0000F894000810B514460B46024696
:10404000FFF7A6FF2046BDE8104000F0FFB90000D2
:1040500010B57B4C002204212046FDF704FF6420AC
:1040600003F0EBFC012204212046FDF7FCFE642056
:1040700003F0E3FC642003F0E0FC112000F0F0F911
:10408000782003F0DAFCB12000F0EAF9052000F016
:10409000FBF93C2000F0F8F93C2000F0F5F9B220E3
:1040A00000F0DEF9052000F0EFF93C2000F0ECF91B
:1040B0003C2000F0E9F9B32000F0D2F9052000F02F
:1040C000E3F93C2000F0E0F93C2000F0DDF90520A8
:1040D00000F0DAF93C2000F0D7F93C2000F0D4F9E8
:1040E000B42000F0BDF9032000F0CEF9C02000F0AC
:1040F000B7F9282000F0C8F9082000F0C5F904201D
:1041000000F0C2F9C12000F0ABF9C02000F0BCF90A
:10411000C22000F0A5F90D2000F0B6F9002000F053
:10412000B3F9C32000F09CF98D2000F0ADF92A20EE
:1041300000F0AAF9C42000F093F98D2000F0A4F952
:10414000EE2000F0A1F9C52000F08AF91A2000F055
:104150009BF9362000F084F9C02000F095F9E020AA
:1041600000F07EF9042000F08FF9222000F08CF995
:10417000072000F089F90A2000F086F92E2000F0CF
:1041800083F9302000F080F9252000F07DF92A2005
:1041900000F07AF9282000F077F9262000F074F971
:1041A0002E2000F071F93A2000F06EF9002000F0A6
:1041B0006BF9012000F068F9032000F065F9132085
:1041C00000F062F9E12000F04BF9042000F05CF906
:1041D000162000F059F9062000F056F90D2000F0E5
:1041E00053F92D2000F050F9262000F04DF923203E
:1041F00000F04AF9272000F047F9272000F044F9A1
:10420000252000F041F92D2000F03EF93B2000F080
:104210003BF9002000F038F9012000F035F90420C6
:1042200000F032F9132000F02FF93A2000F018F9CD
:10423000052000F029F9BDE81040292000F010B950
:10424000000002402DE9FF4F81B00446DDF83C90AC
:1042500000904FEA59074FF00008780700D001207E
:1042600000EBD70000FB09FB203AD0B20390029884
:1042700002994844401E83B2E019401E82B2204693
:10428000FFF786FE002553E0B9F10C0F2AD0B9F1F3
:10429000100F2ED0B9F1180F2ED0B9F1200F49D13F
:1042A0002749039801EB8010002610F805A010980C
:1042B00000284FF0010000FA06F000EA0A0022D0C0
:1042C00020B12046049A0299FFF7B6FE641C0098BC
:1042D000A4B2201AB84225D10298009C401C80B29A
:1042E000029023E00398174900EB400001EB8000A7
:1042F000DAE71549039803E00398144900EB4000FE
:1043000001EB0010D0E708B1049800E00E9800F02F
:104310009DF808F10100C0B2B0FBF7F1804607FB41
:10432000118050B1761CF6B2082EC0D36D1CADB210
:104330005D45A9D305B0BDE8F08F4FF00008F5E763
:104340006CB2000838960008AC9A00089CA00008DF
:104350002DE9FE4F9946DDE90D6714468A4605466C
:10436000DDF830800CE0CDF800804B465146284601
:10437000CDE90167FFF766FF05EB560085B2641CC7
:104380002278002AEFD1BDE8FE8F00000EB5FFF7BE
:104390005FFE0024DFF88C90DFF88CA047F67C5796
:1043A00010254FF6E07B4FF47A784FF6FF76002227
:1043B0003B4611460A200094FFF708FE3B460122C7
:1043C00000211C200094FFF701FECDE900455B466B
:1043D00016A200212E200294FFF7BAFFD9F8001090
:1043E0001748B1FBF8F214A102F08EFACDE90045AE
:1043F0003346134A902100200294FFF7A9FF9AF850
:10440000002010A10E4802F07FFACDE900453346A6
:104410000B4A902150200294FFF79AFF322003F0BC
:10442000B3FBC4E70C000020B000002056312E3052
:104430002052544F5300000054494D453A25640022
:1044400030510020504147453A25640010B50446DC
:10445000000A00F019F8E0B2BDE8104000F014B80E
:1044600070B5084C0546002208212046FDF7FBFCEC
:10447000284600F009F82046BDE8704001220821D6
:10448000FDF7F1BC0000024031B5094C00221021BB
:104490002046FDF7E8FC4FF47A730122694605488F
:1044A000FEF790F9012210212046FDF7DCFC38BD13
:1044B00000000240000B00207CB514460D46064665
:1044C0006B4606223B21682000F0A6F800280BD19D
:1044D000BDF8001049BA3180BDF8021049BA2980F0
:1044E000BDF8041049BA21807CBD7CB514460D4648
:1044F00006466B4606224321682000F08DF800280E
:104500000BD1BDF8001049BA3180BDF8021049BA8C
:104510002980BDF8041049BA21807CBD08B56B46DE
:1045200002224121682000F077F8BDF8000040BA6F
:1045300000B2FCF786F89FED0D1B53EC112BFCF736
:1045400011F89FED0C1B53EC112BFBF7F2FEFCF75F
:10455000DBF800EE100ADFED090A20EE200ABDEEBE
:10456000C00A10EE100A00B208BD000000000000F2
:1045700000407540A4703D0AD74342400000C84245
:1045800010B5FFF7FBFA80216B2000F0A9F864203A
:10459000FDF75AFB00216B2000F0A2F8012000F08B
:1045A0006BF8002000F063F80021382000F098F844
:1045B00000216A2000F094F80021232000F090F8F8
:1045C0008021372000F08CF8752000F00DF80121D3
:1045D0006B2000F085F800216C2000F081F8C820E5
:1045E00000F067F8002010BD10B50446FFF75AFB35
:1045F000D020FFF72DFB2046FFF72AFBFFF752FBE9
:10460000D120FFF725FB0120FFF7EEFA0446FFF764
:10461000CFFA204610BD00002DE9F0411D4614469A
:104620000F460646FFF73EFB7006000EFFF710FB35
:104630003846FFF70DFBFFF735FB012000EB460086
:10464000C0B2FFF705FB09E0012C0ED05FF00000BF
:10465000FFF7CAFA641E05F8010BE4B2002CF3D18F
:10466000FFF7A6FA0020BDE8F0810120F0E7C006C0
:10467000010E1C2000F034B8C006010E1B2000F013
:104680002FB8BC2801D3012110E0622801D30221F8
:104690000CE02A2801D3032108E0142801D30421C7
:1046A00004E00A2801D3052100E006211A2000F0C9
:1046B00017B810B504464FF47A70844201D9044605
:1046C00002E0042C00D20424B0FBF4F0401EC1B27E
:1046D000192000F005F86008BDE81040FFF7D1BFD1
:1046E00070B50D460446FFF7DDFAD020FFF7B0FAAB
:1046F0002046FFF7ADFA2846FFF7AAFAFFF758FA67
:10470000002070BD1FB50021164800910191029153
:10471000134A039102604FF48032C0E90121012461
:104720000161047680F820100F4AC0E90A21C461B3
:10473000C16080F830404461FCF7D5FE08B1FCF759
:1047400027FE0820CDE900040420029069460548B0
:10475000FCF720FE002801D0FCF71AFE1FBD000068
:1047600000200140300A00200100000F0D4810B564
:104770000B4901601021416000218160C16001612D
:104780004161017641768176C17601774177FCF708
:10479000CBFF002803D0BDE81040FCF7F9BD10BDE9
:1047A00000640040D80A00201D4808B5016841F4A3
:1047B00080010160016801F480010091016841F409
:1047C000001101600068002200F400100090052133
:1047D0000E20FDF7EBFB0E20FDF7DAFB0022052192
:1047E0000F20FDF7E3FB0F20FDF7D2FB0022052190
:1047F0001120FDF7DBFB1120FDF7CAFB002205218C
:104800003820FDF7D3FB3820FDF7C2FB002205213D
:104810004620FDF7CBFBBDE808404620FDF7B8BBBE
:10482000303802402DE9F04FC7B066A002F05CF8C6
:104830006BA002F059F86DA002F056F86FA002F0DC
:1048400053F81C2271496846FBF74DFD002168466C
:1048500003F0A6F96E491C2208606C4907A81C31B8
:10486000FBF741FD002107A803F09AF9694C67495D
:104870001C22206038310EA8FBF735FD00210EA860
:1048800003F08EF9644D61491C222860543115A84B
:10489000FBF729FD002115A803F082F95F4E5B4963
:1048A0001C22306070311CA8FBF71DFD00211CA8E4
:1048B00003F076F95A4F55491C2238608C3123A8F1
:1048C000FBF711FD002123A803F06AF9DFF85481FA
:1048D0004E491C22C8F80000A8312AA8FBF703FDA6
:1048E00000212AA803F05CF9DFF83C9147491C221B
:1048F000C9F80000C43131A8FBF7F5FC002131A84C
:1049000003F04EF949491C220860404938A8E031BB
:10491000FBF7E9FC002138A803F042F9DFF810A109
:104920003A491C22CAF80000FC313FA8FBF7DBFC27
:1049300000213FA803F034F9DFF8F8B0CBF800000D
:10494000206810B13CA001F0CFFF386810B141A041
:1049500001F0CAFF306810B145A001F0C5FF2C4836
:10496000006810B149A001F0BFFF286810B14EA047
:1049700001F0BAFFDBF8000010B151A001F0B4FF64
:10498000D8F8000010B155A001F0AEFFD9F8000032
:1049900010B159A001F0A8FFDAF8000010B15EA034
:1049A00001F0A2FF64A001F09FFF66A001F09CFF50
:1049B00067A001F099FF69A001F096FF47B0BDE83C
:1049C000F08F000072746F73206C6F6164696E67A2
:1049D0002E2E2E2E2E2E2E2E2E2E2E0D0A000000C6
:1049E0005C2020207C2020202F0D0A002D20207804
:1049F000636A6B20202D0D0A000000002F2020206C
:104A0000207C2020205C0D0A00000000C0930008DC
:104A1000A0000020F8000020F4000020B4000020D6
:104A20009C000020C0000020C4000020980000204E
:104A3000EC000020000100207267625F7461736BFC
:104A40005F63726561745F737563657373210D0ACB
:104A50000000000062757A7A65725F7461736B5F43
:104A600063726561745F737563657373210D0A000A
:104A70006C63645F7461736B5F63726561745F73B1
:104A80007563657373210D0A000000006B65795F23
:104A90007461736B5F63726561745F737563657373
:104AA00073210D0A0000000070635F7461736B5F17
:104AB00063726561745F737563657373210D0A00BA
:104AC000736572766F5F7461736B5F637265617437
:104AD0005F737563657373210D0A00006D6F746FEA
:104AE000725F7461736B5F63726561745F7375632A
:104AF000657373210D0A0000456E636F6465725F14
:104B00007461736B5F63726561745F737563657302
:104B100073210D0A000000004D5055363035305FCE
:104B20007461736B5F63726561745F7375636573E2
:104B300073210D0A0000000020202F5C5F2F5C20F5
:104B4000200D0A002028206F2E6F2029200D0A003A
:104B500020203E205E203C20200D0A0020D0C7B33C
:104B6000C8D7A3C4FACAB9D3C3D2BBC2B7CBB3B7F1
:104B7000E7A3A128A5CEA3FEA88CA3FE2920202070
:104B80000D0A00002DE9F04387B014216846FBF7B9
:104B9000C5FB37480024016841F01001016001683D
:104BA00001F010010591016841F080010160016888
:104BB00001F080010591016841F001010160016887
:104BC00001F001010591016841F0020101600168F5
:104BD00001F002010591016841F0080101600168DE
:104BE00001F008010591016841F0040101600068CD
:104BF000204F00F004004FF48E75059000222946E6
:104C00003846FDF730F9DFF8708000220221404677
:104C1000FDF729F9DFF864904FF4E04601223146B0
:104C20004846FDF720F900950125CDE90154694674
:104C300038460394FDF71AF802200090CDE901549C
:104C4000694640460394FDF711F80096CDE90154FA
:104C5000694648460394FDF709F803208DE83100C2
:104C600069460748FDF702F807B0BDE8F083000089
:104C7000303802400000024000040240000C0240B4
:104C800000100240104810B50E4901604FF48271C7
:104C90004160002102228160C0E9031201224261C9
:104CA000520282611822C0E90721416281620A2111
:104CB000C162FDF7EDFC002803D0BDE81040FCF711
:104CC00067BB10BD00300140000B002010B588B05C
:104CD0001C216846FBF722FB15481449002401609B
:104CE0000921C0E9011444F29F11C0E90314846151
:104CF000FDF790FE08B1FCF74BFB0D48FEF743FAB9
:104D000008B1FCF745FB6020CDE9000402940022C5
:104D1000694607480494FEF7D0F908B1FCF738FB60
:104D20000348FEF73DF908B010BD00000044014003
:104D3000E00D002010B588B01C216846FBF7EEFAA4
:104D400015481449002401600921C0E9011444F206
:104D50009F11C0E903148461FDF75CFE08B1FCF704
:104D600017FB0D48FEF70FFA08B1FCF711FB6020A6
:104D7000CDE9000402940022694607480494FEF736
:104D80009CF908B1FCF704FB0348FEF709F908B0E9
:104D900010BD000000480140280E002010B588B06A
:104DA0001C216846FBF7BAFA164815490024016031
:104DB0005321C0E9011444F61F61C0E90314846162
:104DC000FEF7E1F908B1FCF7E3FA6020CDE9000451
:104DD0000294002269460B480494FEF76EF908B16C
:104DE000FCF7D6FA042269460648FEF766F908B1D0
:104DF000FCF7CEFA0348FEF7D3F808B010BD000068
:104E000000180040700E002010B592B000240F94DE
:104E10001C2168461094FBF781FA202107A8FBF7B4
:104E20007DFA2C482A4901600921C0E9011444F2A5
:104E30009F11C0E9031444618461FEF7A4F908B12D
:104E4000FCF7A6FA0F940FA922481094FDF79AFDDB
:104E500008B1FCF79DFA6020CDE9000402940394A8
:104E600004940594002269461A480694FEF725F931
:104E700008B1FCF78DFA042269461648FEF71DF9C1
:104E800008B1FCF785FA082269461248FEF715F9C1
:104E900008B1FCF77DFA0C2269460E48FEF70DF9C1
:104EA00008B1FCF775FA0794089409944FF4005080
:104EB0000A94CDE90B4007A906480E94FDF737FD8B
:104EC00008B1FCF765FA0348FEF76AF812B010BDA6
:104ED00000000140580B002010B58CB0242168461A
:104EE000FBF71CFA0024154809944FF080410A94FE
:104EF000C0E90014611EC0E902410461846103201D
:104F0000CDE900040120CDE902040494CDE9054077
:104F10000794694609480894FDF730FE08B1FCF78C
:104F200037FA099409A905480A94FDF72BFD0028D2
:104F300001D0FCF72DFA0CB010BD0000A00B002032
:104F400010B58CB024216846FBF7E8F90024164818
:104F5000099414490A94C0E900144FF6FF71C0E99E
:104F60000241046184610320CDE900040120CDE900
:104F700002040494CDE90540079469460A48089460
:104F8000FDF7FCFD08B1FCF703FA099409A90648EE
:104F90000A94FDF7F7FC002801D0FCF7F9F90CB0F2
:104FA00010BD000000040040E80B002010B58CB0DC
:104FB00024216846FBF7B2F90024164809941449E5
:104FC0000A94C0E900144FF6FF71C0E90241046180
:104FD00084610320CDE900040120CDE9020404949A
:104FE000CDE90540079469460A480894FDF7C6FDD7
:104FF00008B1FCF7CDF9099409A906480A94FDF710
:10500000C1FC002801D0FCF7C3F90CB010BD0000B2
:1050100000080040300C002010B58CB024216846F8
:10502000FBF77CF900241548099413490A94C0E958
:105030000014611EC0E90241046184610320CDE9CE
:1050400000040120CDE902040494CDE90540079451
:1050500069460A480894FDF791FD08B1FCF798F9F4
:10506000099409A905480A94FDF78CFC002801D091
:10507000FCF78EF90CB010BD000C0040780C00203D
:105080001CB500240E4800940C490194C0E900149A
:105090004FF6FF71C0E902418461FDF7BBFC08B126
:1050A000FCF776F90094694605480194FDF76AFC1F
:1050B000002801D0FCF76CF91CBD00000010004076
:1050C000C00C00201CB500240E4800940C4901942B
:1050D00001605321C0E9011463218461C160FDF7BF
:1050E00099FC08B1FCF754F900946946054801940D
:1050F000FDF748FC002801D0FCF74AF91CBD000070
:1051000000140040080D002010B592B000240F9448
:105110001C2168461094FBF701F9202107A8FBF732
:10512000FDF82C482A490160A721C0E9011444F682
:105130001F61C0E9031444618461FEF724F808B1DB
:10514000FCF726F90F940FA922481094FDF71AFCDA
:1051500008B1FCF71DF96020CDE900040294039426
:1051600004940594002269461A480694FDF7A5FFA9
:1051700008B1FCF70DF9042269461648FDF79DFFBA
:1051800008B1FCF705F9082269461248FDF795FFBA
:1051900008B1FCF7FDF80C2269460E48FDF78DFFBB
:1051A00008B1FCF7F5F80794089409944FF40050FF
:1051B0000A94CDE90B4007A906480E94FDF7B7FB0A
:1051C00008B1FCF7E5F80348FDF7EAFE12B010BDA0
:1051D00000040140500D002010B588B01C21684625
:1051E000FBF79CF816481549002401600921C0E925
:1051F000011444F29F11C0E903148461FDF7C3FF59
:1052000008B1FCF7C5F86020CDE900040294002243
:1052100069460B480494FDF750FF08B1FCF7B8F855
:10522000042269460648FDF748FF08B1FCF7B0F8CC
:105230000348FDF7B5FE08B010BD00000040014076
:10524000980D00200C4810B50A4901604FF4E13177
:105250004160002181600C22C160C0E904128161BB
:10526000C161FEF7FFF9002803D0BDE81040FCF74C
:105270008FB810BD004C0040B80E00200C4810B58F
:105280000A4901604FF4E1314160002181600C2244
:10529000C160C0E904128161C161FEF7E3F9002831
:1052A00003D0BDE81040FCF773B810BD00100140FA
:1052B000FC0E00200C4810B50A4901604FF4E131A2
:1052C0004160002181600C22C160C0E9041281614B
:1052D000C161FEF7C7F9002803D0BDE81040FCF714
:1052E00057B810BD00440040400F00200C4810B5D6
:1052F0000A4901604FF4E1314160002181600C22D4
:10530000C160C0E904128161C161FEF7ABF90028F8
:1053100003D0BDE81040FCF73BB810BD004800408A
:10532000840F0020FEE7000010B500211648FDF7AD
:105330003BFD04211448FDF737FD1348FDF7DEFB64
:1053400000211248FDF730FD04211048FDF72CFD27
:105350000E48FDF7D3FB00210D48FDF725FD042184
:105360000B48FDF721FD0A48FDF7C8FB002109485D
:10537000FDF71AFD04210748FDF716FDBDE81040B2
:105380000448FDF7BBBB0000A00B0020E80B002089
:10539000300C0020780C002010B503781F49002243
:1053A0002BB3012B25D0022B35D0032B1ED11C4B48
:1053B0001C68646A24B244601C6862621A681268DD
:1053C000C2F30012427042685242642342605A4360
:1053D00000EE102AD1ED030AB8EEC00A20EE200A32
:1053E000D1ED040A80EE201A80ED031A10BD0D4B9A
:1053F00000E00D4B1C68646A24B244601C68626261
:105400001A6812686FF06303C2F3001242704268B8
:1054100052424260DBE7054BCAE70000F85100202A
:10542000780C0020A00B0020E80B0020300C00209E
:1054300010B500211648FDF71BFF00211548FDF7A8
:1054400017FF00211448FDF713FF04211248FDF750
:105450000FFF00211148FDF70BFF04210F48FDF756
:1054600007FF08210D48FDF703FF0C210B48FDF74E
:10547000FFFE0B49002008600A4908600A4948639A
:1054800088630A4948638863C863086410BD0000E4
:10549000E00D0020280E0020980D0020580B002061
:1054A00034440140344801400040014000000140C4
:1054B00030B544F29F125342914201DB114602E0A3
:1054C000994200DC194604788CB1012C23D0214B81
:1054D000022C33D0032C09D18182CC0F847532D0B9
:1054E0000846FBF783FA101AD8631A6430BD81822C
:1054F000CD0F194B194C857506D01A600846FBF77D
:1055000075FA101A206030BD0846FBF76FFA101AC2
:105510001860226030BD8182CC0F114B847506D19A
:105520000846FBF763FA101A58639A6330BD5A6352
:105530000846FBF75BFA101A986330BD8182CC0FE6
:105540008475F4D0ECE7DA630846FBF74FFA101ADB
:10555000186430BD0000014034440140344801402B
:1055600000400140FBF762FDFFF762FF03F074FDAE
:10557000134C124904F1280504F1500604F1780790
:10558000086014210D4803F019F9B4F918100C48FB
:10559000FFF78EFF0A48B5F918102830FFF788FF8B
:1055A0000748B6F918105030FFF782FF0448B7F9E2
:1055B00018107830FFF77CFFE3E70000B800002008
:1055C00058510020FEE700002DE9FF410546014645
:1055D0001DA001F089F91E4C20787B2831D160197B
:1055E00010F8010C7D282CD12179E07801F052F9D6
:1055F000DFF8608088ED040AA179607901F04AF94A
:1056000088ED050A217AE07901F044F988ED060A6F
:1056100010EE100AFBF74CF806460F46D8F81400B7
:10562000FBF746F804460D46D8F81000FBF740F8A3
:105630008DE8F00041EC100B07A053EC102B01F0AB
:1056400053F9BDE8FF81000025640D0A0000000049
:1056500010010020145200202566202566202566B2
:10566000200D0A00364D2878002864D0354800788F
:10567000002860D0344C7B20DFED350A20703348A1
:1056800090ED010A20EE200ABDEEC00A10EE101ABD
:10569000090AA17010EE101AE17090ED020A20EED6
:1056A000200ABDEEC00A10EE101A090A217110EE90
:1056B000101A617190ED030A20EE200ABDEEC00AB7
:1056C00010EE100A000AA07110EE100AE0712148D5
:1056D00001880A0A2272617241880A0AA272E17282
:1056E0008088010A217360731B4801880A0AA2732B
:1056F000E17341880A0A227461748088010AA174E6
:10570000E0741648012190ED000A20EE200ABDEE5B
:10571000C00A10EE100A207510EE100A000A60751B
:105720001620FBF7F5FCA0757D20E07518222146B8
:105730000B48FEF7D9F9642002F026FA93E700003F
:10574000F0000020C8000020A00200201452002019
:1057500000007A44DA000020E6000020AC000020BF
:10576000FC0E0020F7EE002AF7EE003A82EE804AA7
:10577000DFED462AB5EEC02A62EE222A83EEA23A77
:1057800080ED044AF1EE10FA04D19FED412A80ED3C
:10579000082A01E080ED083A31EE612A80ED022A04
:1057A00091ED041AF1EE412AB4EEE22AF1EE10FA7C
:1057B00002D8B0EE622A06E0B4EEC12AF1EE10FA89
:1057C00001DDB0EE412A80ED022A91ED011A61EE71
:1057D000022A90ED051A02EE801A80ED051AD1ED2D
:1057E000052AF1EE623AB4EEE31AF1EE10FA02D8AD
:1057F000B0EE631A06E0B4EEE21AF1EE10FA01DD43
:10580000B0EE621A80ED051AD0ED032A72EE622A1C
:1058100062EE842AC0ED072AD1ED023A63EEA22A95
:1058200073EE003A80EE233A90ED010A72EEC02A40
:1058300003EE220A80ED060AD1ED062AB1EE623AA5
:10584000B4EEC30AF1EE10FA02D8B0EE430A06E055
:10585000B4EEE20AF1EE10FA01DDB0EE620A80ED7C
:10586000060A80ED010AD1ED002A91ED033A62EEBD
:10587000822A40EE832A32EE800A30EE010A80ED61
:10588000090A80ED032AC0ED001A7047DB0FC940FA
:105890000000000070B540F380020C4D04464FF448
:1058A00000512846521CFCF7DEFA44F34002A914CA
:1058B0002846521CFCF7D7FA44F300022846BDE8FC
:1058C00070404FF48041521CFCF7CDBA000C0240EE
:1058D0000F4C01250F4E25704FF47A773078002851
:1058E000207801D028B105E080F001002070C820A8
:1058F00008E0257020784006000E2070042800D9AA
:105900002570384602F040F92078FFF7C3FFE5E73D
:10591000FC000020C800002000B585B014216846B6
:10592000FAF7FCFC4FF40060009000200190012089
:1059300002900220039069460248FCF797F905B0EF
:1059400000BD00000004024000B585B01421684687
:10595000FAF7E4FC4FF40060009011200190002061
:1059600002900220039069460248FCF77FF905B0D7
:1059700000BD0000000402400148FCF70BBE00001F
:10598000000B002010B5806B0021C187C186FCF799
:10599000FFFD10BD38B504461248134B0068B0FB3C
:1059A000F3F04FF47A73584300906068B0F5827F4B
:1059B0000DD10B46009200228021204600F016F8FF
:1059C00070B1606D40F020006065032038BD009824
:1059D00030B1401E009020688068C0430006F6D5B4
:1059E000002038BD1000002000366E012DE9F8437C
:1059F0001E46914688460446089DFCF739FA401B2E
:105A0000351AFCF735FA074625480068C0F3CB3055
:105A1000684338E0701C37D0FCF72AFAC01BA84254
:105A200003D215B1009860B32CE02068416821F0E2
:105A3000E00141606068B0F5827F0BD1A068B0F5ED
:105A4000004F02D0B0F5806F04D12068016821F0CA
:105A500040010160A06AB0F5005F09D120680168CB
:105A600021F4005101602068016841F40051016097
:105A7000012084F85100002084F850000320BDE884
:105A8000F8830025401E00902068816838EA0100F4
:105A900004D000214945BDD10020F0E70121F9E7FC
:105AA0001000002010B5974CB3EE020A2DED068BC6
:105AB0009FED958B9FED969B9FED97AB012837D07F
:105AC000022862D003287DD004287CD0944C05287D
:105AD0007AD0062879D100EE901A2068B8EE601AC4
:105AE000C1EE000A401C00EE100AB8EE400A20EE9B
:105AF000800A10EE100AFAF7DBFD53EC182BFAF7C8
:105B0000BFFC41EC180B2068401CFAF7ABFD53ECCE
:105B1000192BFAF7B5FC53EC182BFAF70AFC53ECE7
:105B20001A2BFAF7A7FCFAF7AAFD7D490C315DE0C4
:105B300000EE901A2068F8EE600A80EE801A401C91
:105B400000EE100AB8EE400A21EE000A10EE100A2C
:105B5000FAF7AEFD53EC182BFAF792FC41EC180B58
:105B60002068401CFAF77EFD53EC192BFAF788FCED
:105B700053EC182BFAF7DDFB53EC1A2BFAF77AFCEF
:105B8000FAF77DFD5F49083130E000EE901A206899
:105B9000F8EE600A80EE801A401C00EE100AB8EEA3
:105BA000400A21EE000A10EE100AFAF781FD53ECCC
:105BB000182BFAF765FC41EC180B2068401CFAF72B
:105BC00051FD03E016E042E06EE010E053EC192BCB
:105BD000FAF756FC53EC182BFAF7ABFB53EC1A2BE5
:105BE000FAF748FCFAF74BFD46490C310860BDEC6A
:105BF000068B10BD00EE901A2068F8EE600A80EE69
:105C0000801A401C00EE100AB8EE400A21EE000A8D
:105C100010EE100AFAF74CFD53EC182BFAF730FC93
:105C200041EC180B2068401CFAF71CFD53EC192BB3
:105C3000FAF726FC53EC182BFAF77BFB53EC1A2BE4
:105C4000FAF718FCFAF71BFD2E491031CEE700EEEB
:105C5000901A2068B8EE601AC1EE000A401C00EEEF
:105C6000100AB8EE400A20EE800A10EE100AFAF789
:105C70001FFD53EC182BFAF703FC41EC180B2068BE
:105C8000401CFAF7EFFC53EC192BFAF7F9FB53EC35
:105C9000182BFAF74EFB53EC1A2BFAF7EBFBFAF73B
:105CA000EEFC18491431A1E700EE901A2068B8EE16
:105CB000601AC1EE000A401C00EE100AB8EE400A5D
:105CC00020EE800A10EE100AFAF7F2FC53EC182BC3
:105CD000FAF7D6FB41EC180B2068401CFAF7C2FC1F
:105CE00053EC192BFAF7CCFB53EC182BFAF721FBEA
:105CF00053EC1A2BFAF7BEFBFAF7C1FC084908313E
:105D000074E700002C040140FCA9F1D24D62503F21
:105D10009A9999999999993F000000000000F03FE5
:105D20002C18004010B500213A48FDF7A1FA0421D3
:105D30003848FDF79DFA08213648FDF799FA0C21FD
:105D40003448FDF795FA00213348FDF791FA042114
:105D50003148FDF78DFA314940F2DB5008600A1DE9
:105D60001060086010602E490860091D08602D4908
:105D700001209FED2D0A08701031022008701031AB
:105D80000320087010310420087001F1B000DFED2D
:105D9000270ACC3180ED000AC1ED000A00F138027B
:105DA00000F1540382ED000A83ED000AB0EE000A10
:105DB00080ED010AF7EE000AC1ED010A82ED010A49
:105DC00083ED010A9FED1A0A80ED020A81ED020AB5
:105DD00082ED020A83ED020A9FED160A80ED060AA3
:105DE00081ED060A82ED060A83ED060A80ED050ABA
:105DF00081ED050A82ED050A83ED050A9FED0E0A85
:105E000080ED040A81ED040A82ED040A83ED040AA0
:105E100010BD0000500D0020700E00203C04014019
:105E2000341800408452002017B7513882A8FB373D
:105E3000ACC527370060EA460000E1442DED048B35
:105E400086B0FFF76FFF00217548FAF7AFFE744880
:105E500000211030FAF7AAFE714800212030FAF72D
:105E6000A5FE40F6B83001F08FFEDFF8B4A10AF1CC
:105E7000100A0AF1100B9FED6B8ADFED6B8A9FED24
:105E80006B9A6B490888401C80B208800521B0FBE2
:105E9000F1F201FB120129B901B2C838962200B211
:105EA000FAF7AEFE5E48B0EE482AF0EE680AB0F9A6
:105EB000080000EE100A5A48F8EEC01A90ED011AD8
:105EC00000F1E001B0EE490A4030FFF74BFCBAF9AF
:105ED0000800534900EE100AFC319AED011AF8EE61
:105EE000C01AB0EE482AF0EE680AB0EE490AA1F1F5
:105EF0009400FFF737FCBBF908004E4900EE100A8A
:105F00009BED011AB0EE482AF8EEC01AF0EE680ACE
:105F1000B0EE490AA1F18800FFF724FC4048B0EE3A
:105F2000482A3030F0EE680AB0F9080000EE100A96
:105F30003B483030F8EEC01A90ED011A00F582713E
:105F4000B0EE490A8830FFF70DFC35483030406824
:105F5000FAF7AEFB80468946DBF80400FAF7A8FBA7
:105F600006460F46DAF80400FAF7A2FB04462C486E
:105F70000D464068FAF79CFB8DE8F00341EC100BEE
:105F80002DA053EC102B00F0AFFC2548294B4030DE
:105F9000603B90ED090A224CBDEEC00A303410EE91
:105FA000100A01B21E484181683090ED090A28307C
:105FB000BDEEC00A10EE102AAAF80A2090ED090AD8
:105FC000BDEEC00A10EE100AABF80A0093ED090A04
:105FD000BDEEC00A10EE103A6381303C2181AAF870
:105FE0000820ABF8080004F1300003813038FAF7DC
:105FF000DDFDBAF90A1004F11000FAF7D7FDBBF97C
:106000000A1004F12000FAF7D1FD04F13000B0F9D4
:106010000A10FAF7CBFD322001F0B6FD31E700009F
:106020008452002000007A4400000000CDCC4C3D9A
:10603000040100209C5300202566202C202566208A
:1060400020202566202025660D0A000010B550206E
:1060500080F31188BFF34F8FBFF36F8F03F002F807
:1060600018B104494FF080500860002080F3118877
:1060700010BD000004ED00E030B593B0302168465B
:10608000FAF74CF914210CA8FAF748F91D48002535
:10609000016841F080510160006800F0805011906B
:1060A0001948016841F4804101600068022400F44D
:1060B0008040119001200090000401908001CDE902
:1060C000064008AA0420A82182E813000B90684625
:1060D000FCF7A8F808B172B6FEE70CA90F2081E81A
:1060E00031004FF4A0500F904FF4805010900521D4
:1060F0000CA8FBF78DFF002801D072B6FEE713B0A5
:1061000030BD000040380240007000400248016885
:1061100041F470010160704788ED00E00148FCF730
:106120008BBE0000A00B00200148FCF785BE0000DC
:10613000E80B00200148FCF77FBE0000300C002077
:106140000148FCF779BE0000780C00200148FCF7FC
:1061500073BE0000080D002010B50448FCF76CFE6B
:10616000BDE810400248FCF767BE0000500D00205B
:10617000C8120020F0B50268254C264D264E274F48
:10618000274B4FF0804CA04209D0604507D0A84271
:1061900005D0B04203D0B84201D0984204D122F0D9
:1061A000700E4A6842EA0E02A0421BD0604519D028
:1061B000A84217D0B04215D0B84213D0984211D09F
:1061C000184DA8420ED0184DA8420BD0174DA8422A
:1061D00008D0174DA84205D0164DA84202D0164D42
:1061E000A84203D122F44075CA682A434D6922F0BF
:1061F00080022A4302608A68C2620A688262A04200
:1062000001D0984201D10969016301214161F0BDCA
:10621000000001400004004000080040000C004065
:10622000000401400040014000440140004801409A
:1062300000180040001C00400020004010B501F094
:106240001F030121046A99408C430462016A9A4049
:106250001143016210BD0000F0B5026A22F0010294
:106260000262036A42688469124E24F073050C6866
:106270002C4323F002058B682B430D4DA84201D01F
:10628000B04205D123F00807CB683B4323F0040359
:10629000A84201D0B04205D14D6922F440721543A5
:1062A0008A692A4342608461496841630362F0BDA0
:1062B0000000014000040140F0B5026A22F0100223
:1062C0000262026A436884690D6824F4E64444EA81
:1062D00005248D6822F0200242EA05120F4D104E6F
:1062E000A84201D0B04206D1CF6822F0800242EA33
:1062F000071222F04002A84201D0B04207D14D69F6
:1063000023F4406343EA85038D6943EA85034360D0
:106310008461496881630262F0BD000000000140B1
:1063200000040140F0B5026A22F480720262026A3F
:106330004368C46922F4007224F073050C68124E9D
:106340002C438D6842EA05220E4DA84201D0B0428E
:1063500006D1CF6822F4006242EA072222F480626A
:10636000A84201D0B04207D14D6923F4405343EA1B
:1063700005138D6943EA05134360C4614968C1632D
:106380000262F0BD000001400004014030B5026A25
:1063900022F480520262046A4268C3690D6823F4E1
:1063A000E64343EA05238D6824F4005444EA0534A7
:1063B000084DA84202D0084DA84204D14D6922F4EC
:1063C000804242EA85124260C36149680164046206
:1063D00030BD000000000140000401400148FDF70D
:1063E0000DB80000B80E002010B5806B0021C185EB
:1063F000C184FDF701F810BD70B5846B2068406959
:1064000094F83D10C0F3C0100025212904D118B123
:10641000E584204600F0B0F82068406994F83E100A
:10642000C0F38010222904D118B1E585204600F080
:106430007CF8206C40F0100020642046FCF7DCFF64
:1064400070BD10B50146806B09680968C9052FD475
:106450000021C18501680C3151E8002F22F48072BF
:1064600041E80023002BF5D10168143151E8002FD9
:1064700022F0010241E80023002BF5D1016814311C
:1064800051E8002F22F0400241E80023002BF5D113
:10649000202180F83E10016B012909D101680C31DF
:1064A00051E8002F22F0100241E80023002BF5D123
:1064B000016B012902D0FDF7BBFA10BD818DFCF7FD
:1064C00071FF10BD10B5806B016B012902D0FDF783
:1064D000B0FA10BD818D4908FCF764FF10BD10B5FE
:1064E0000146806B09680968C90516D40021C1847A
:1064F0000168143151E8002F22F0800241E80023A6
:10650000002BF5D101680C3151E8002F42F0400218
:1065100041E80023002BF5D110BDFDF72BFB10BD8A
:1065200010B5806BFDF727FB10BD01680C3151E8F9
:10653000002F22F4907241E80023002BF5D101686E
:10654000143151E8002F22F0010241E80023002B12
:10655000F5D1016B012909D101680C3151E8002FF7
:1065600022F0100241E80023002BF5D1202180F811
:106570003E1000210163704701680C3151E8002F83
:1065800022F0C00241E80023002BF5D1202180F841
:106590003D10704708B590F83E10222901D0022026
:1065A00008BD82684FF480539A4201D1016921B13C
:1065B000816A9A421BD04AB10AE00268816A526835
:1065C000C2F308020A80816A891C08E0026972B17C
:1065D0000268526802F07F020A70816A491C816277
:1065E000C18D491E0904090CC18503D019E0026858
:1065F0005268F1E70168CA6822F02002CA600168A7
:10660000CA6822F48072CA6001684A6922F00102F5
:106610004A61202180F83E10016B012903D0FDF76B
:1066200007FA002008BD0021016301680C3151E820
:10663000002F22F0100241E80023002BF5D1016861
:106640000A68D20602D50A6849680091818DFCF774
:10665000A9FEE6E770B5044600680169E26821F426
:106660004051114301612169A068E26908436169F1
:10667000114308432168CA6849F20C639A430243F4
:10668000CA6020684169A26921F4407111434161E7
:1066900031492068884202D03049884202D1FBF754
:1066A00081FD01E0FBF76EFDE269002319216425FD
:1066B0003226B2F5004F626828D0A0FB0101930F8B
:1066C0009200F9F7DFFD0146B0FBF5F06FF018021C
:1066D000504301EB800006EB0010B0FBF5F000F03A
:1066E000F002B1FBF5F002EB0012B1FBF5F06FF038
:1066F0001803584301EB800006EB0010B0FBF5F0E7
:1067000000F00F0021681044886070BDA0FB0101FB
:1067100092185B41F9F7B6FD0146B0FBF5F00201B6
:10672000B1FBF5F06FF01803584301EB800006EB66
:10673000C000B0FBF5F000F0F80002EB4002B1FB46
:10674000F5F0584301EB800006EBC000B0FBF5F01C
:1067500000F00700D6E700000010014000140140DF
:1067600038B58162828500251346044605642220DF
:1067700084F83E00A26B1C48D063A26B1B481064D7
:10678000A26B1B48D064A06B0A4605652168A06B0C
:10679000091DFBF721FA206801684068009084F821
:1067A0003C50206948B120680C3050E8001F41F48B
:1067B000807140E80012002AF5D12068143050E8BA
:1067C000001F41F0010140E80012002AF5D12068C5
:1067D000143050E8001F41F0400140E80012002A48
:1067E000F5D1002038BD000043640008C5640008EE
:1067F000F96300082DE9F041984617460E46044615
:10680000069D27E0681C25D02DB1FBF731FBA0EBDE
:106810000800A8421ED920680C3050E8001F21F45F
:10682000D07140E80012002AF5D12068143050E8F9
:10683000001F21F0010140E80012002AF5D12020BC
:1068400084F83D0084F83E00002084F83C000320DA
:10685000BDE8F0812068006836EA000004D000201E
:10686000B842CFD00020F3E70120F9E70148FCF758
:10687000C5BD0000FC0E00200148FCF7BFBD0000B4
:10688000400F00200148FCF7B9BD0000840F002034
:10689000FEE7000070B501EB002004B24FF47A75FA
:1068A00094FBF5F005FB10402DED028BF9F7C9FEC6
:1068B0009FED0B1B53EC112BF9F7E2FD41EC180B8C
:1068C00094FBF5F0F9F7BDFE53EC182BF9F731FD09
:1068D000F9F71AFFBDEC028B00EE100A70BD000044
:1068E000FCA9F1D24D62503F0FB4054B10B503A97E
:1068F000044A029800F018FD10BC5DF814FB00007B
:10690000C17A0008080100200FB4084B10B504A993
:1069100002AA039800F008FD044602A9002001F035
:1069200086F8204610BC5DF814FB00002F7A0008A2
:1069300003B401984100009850EAC12018BF042018
:106940004A0D18BF40F0010040F2FF72B2EB515FF8
:1069500008BF40F00200012808BF052002B07047C0
:106960000907090E002804DB00F1E02080F800147C
:10697000704700F00F0000F1E02080F8141D704710
:1069800010B5B94A2DED020B2DED0C8B82B00F998D
:1069900021F000409FEDB6CB90422CDBA0F140539C
:1069A0000E9AA3F17F631A430FD0B349884202DCE9
:1069B00016D10E98A0B19DED0E0B02B0BDEC0C8B64
:1069C00002B0BDE8104000F0ACBB0029C1BF9FED94
:1069D000AC0B02B0BDEC0C8B02B0C8BF10BD16E012
:1069E000012000F0D9FB02B0BDEC0C8B02B0BDE879
:1069F000104000F0A1BBA44A9FEDA59B9FEDA6AB64
:106A000090425EDAA6499FEDA8CB814208DBB0EE4A
:106A10004C0AF0EE6C0A02B0BDEC0C8B02B010BD5B
:106A20009DED0E0B53EC102B51EC100BF9F728FDDC
:106A300041EC180B9E480621B0EE480AF0EE680AB9
:106A4000784400F0F2FA53EC182B51EC100BF9F7E4
:106A500017FD41EC1B0B9748B0EE480AF0EE680AB0
:106A60000421784400F0E1FA53EC182B51EC100BA0
:106A7000F9F706FD53EC192BF9F75BFC41EC100B11
:106A800051EC1B0B53EC102BF9F76CFD41EC100B88
:106A900053EC102B9DED0E0B51EC100BF9F7F0FCA5
:106AA00053EC1A2BF9F7E9FC9DED0E1B53EC112B5F
:106AB000F9F7E3FC53EC1C2BF9F7DFFC41EC100B6E
:106AC000A9E79FED7D8B9FED7EBB9DED0E0B002911
:106AD00053EC192B51EC100B52DAF9F72AFC53EC5A
:106AE000182BF9F7CDFC41EC180B77480621B0EED6
:106AF000480AF0EE680A784400F097FA53EC182B35
:106B000051EC100BF9F7BCFC41EC1D0B6F48B0EEDB
:106B1000480AF0EE680A0421784400F086FA53EC43
:106B2000182B51EC100BF9F7ABFC53EC192BF9F7C0
:106B300000FC41EC190B51EC180B01F0AFFC41ECDF
:106B4000180B53EC192B51EC1D0BF9F70BFD53EC03
:106B5000182BF9F795FC53EC1A2BF9F78BFC41EC49
:106B6000100B51EC180B53EC102BF9F7E2FB53EC24
:106B70001B2BF9F785FC53EC1C2BF9F77EFC6DE021
:106B8000F9F77BFC53EC182BF9F77AFC41EC180B66
:106B900001F084FC41EC1A0B00208DED00AB00905D
:106BA0009DED000B51EC1A0B53EC102BF9F7C1FBC8
:106BB0009DED000B41EC1C0B53EC102B51EC100B1A
:106BC000F9F75EFC53EC182BF9F757FC53EC1C2B30
:106BD000F9F7C8FC41EC1C0B3D48B0EE480AF0EE5A
:106BE000680A0621784400F020FA53EC182B51EC87
:106BF000100BF9F745FC41EC1D0B3648B0EE480A86
:106C0000F0EE680A0421784400F00FFA53EC182BD8
:106C100051EC100BF9F734FC53EC192BF9F789FB05
:106C200041EC100B51EC1D0B53EC102BF9F79AFCB7
:106C300053EC1A2BF9F724FC53EC1C2BF9F779FBD6
:106C400041EC100B53EC102B9DED000B51EC100B95
:106C5000F9F76FFB53EC1B2BF9F712FC41EC100B0F
:106C6000D9E60000000000000000F03F0000000036
:106C7000182D4454FB2109400000F07F0000000063
:106C800000000000000000000000E03F00000000E5
:106C9000000000000000F03F075C143326A6913C82
:106CA0000000603C00000000182D4454FB21F93F17
:106CB000EC5F0000FA5F0000000000000000E03F11
:106CC0000000000000000040365F0000445F00004C
:106CD000485E0000565E000070B59B482DED020B2B
:106CE0002DED068B079D25F00044A04218DC974847
:106CF000844202DC0AD1069840B19DED060BBDEC42
:106D0000068B02B0BDE8704000F00BBA002DCCBF7E
:106D10009FED8F0B9FED900BBDEC068B02B070BD0D
:106D20008F48A04215DD8F48A042D8BF4FF0FF34F6
:106D300058DD9DED060B51EC100BFFF7F9FD042813
:106D400008BF00F009FA9DED060BBDEC068B02B002
:106D500070BD9DED060B51EC100B00F0A5FECDE9CA
:106D6000060181489FED828BA0423CDD8248A04213
:106D70001FDD00249FED82AB9DED060B53EC1A2B1B
:106D800051EC100BF9F7D5FA9DED060B41EC190B00
:106D900053EC1A2B51EC100BF9F772FB53EC182B38
:106DA000F9F768FB53EC192BF9F7DCFBCDE9060189
:106DB00049E09DED060B012453EC182B51EC100B10
:106DC000F9F7B7FA9DED060B41EC190B53EC182BB4
:106DD00051EC100BF9F74EFB53EC192BF9F7C2FBF2
:106DE000CDE906012FE06848A0421FDD02249FED97
:106DF000689B9DED060B53EC192B51EC100BF9F72A
:106E00003FFB53EC182BF9F794FA9DED060B41EC80
:106E1000180B53EC192B51EC100BF9F72BFB53EC1F
:106E2000182BF9F79FFBCDE906010CE09DED060B51
:106E3000032453EC102B9FED580B51EC100BF9F77A
:106E400091FBCDE906019DED060B53EC102B51ECA7
:106E5000100BF9F715FB41EC180B53EC182BF9F755
:106E60000FFB41EC190B4E480621B0EE490AF0EE3B
:106E7000690A784400F0D9F853EC182B51EC100B48
:106E8000F9F7FEFA41EC180B4648B0EE490AF0EE6D
:106E9000690A0521784400F0C8F853EC192B51EC2D
:106EA000100BF9F7EDFA41EC100B51EC180B53EC09
:106EB000102B002C0EDAF9F73CFA9DED061B53EC73
:106EC000112BF9F7DDFA9DED061B53EC112BF9F7A9
:106ED000D4FA35E0F9F72DFA9DED061B53EC112B92
:106EE000F9F7CEFA41EC100B2F48784400EBC400C0
:106EF00090ED001B51EC100B53EC112BF9F7BAFA83
:106F00009DED061B53EC112BF9F7B4FA41EC100B75
:106F10002648784400EBC40090ED001B51EC100BA8
:106F200053EC112BF9F7A9FA41EC100B002DA2BF7D
:106F3000BDEC068B02B070BD51EC100B81F000412E
:106F400041EC100B01E70000000010440000F07F4E
:106F5000182D4454FB21F93F182D4454FB21F9BF4F
:106F60000000DC3F0000203E0000F33F0000000076
:106F7000000000000000F03F0000E63F00000000BD
:106F800000000000000000400080034000000000FE
:106F9000000000000000F83F000000000000F0BF0B
:106FA000725C0000285C0000B25B00006A5B0000BD
:106FB00000B52DED048BB0EE409AF0EE609A83B0F0
:106FC00051EC190BF9F797FC41EC180B18EE100A6D
:106FD00018EE901A8DED008B002818BF0120084391
:106FE00020F00040C0F17F6000F1E040C00F14D0FD
:106FF00019EE101A19EE900A8DED009B002918BFAA
:107000000121084320F00040C0F17F6000F1E04022
:10701000C00F04BF012000F0BFF8B0EE480A03B073
:10702000F0EE680ABDEC048B00BD70B504462DED92
:10703000028B4D1E00EBC500B0EE408AF0EE608A78
:1070400090ED000B35F0060017D053EC182B51ECE7
:10705000100BF9F715FA41EC100B6D1E04EBC5008F
:1070600090ED001B51EC100B53EC112BF9F761F96B
:1070700041EC100B35F00600E7D1022D36D0042D7F
:107080001CD0062D1CBFBDEC028B70BD53EC182B21
:1070900051EC100BF9F7F4F994ED0A1B53EC112B9A
:1070A000F9F747F953EC182BF9F7EAF994ED081BB7
:1070B00053EC112BF9F73DF941EC100B53EC182B65
:1070C00051EC100BF9F7DCF994ED061B53EC112B86
:1070D000F9F72FF953EC182BF9F7D2F994ED040BCB
:1070E00053EC102BF9F725F941EC100B53EC182B4E
:1070F00051EC100BF9F7C4F994ED021B53EC112B72
:10710000F9F717F953EC182BF9F7BAF994ED001BBE
:1071100053EC112BF9F70DF9BDEC028B41EC100B80
:1071200070BD10B553EC102B51EC100BF9F701F9B1
:1071300041EC100B10BD00009FED050B10B553EC9A
:10714000102B51EC100BF9F70DFA41EC100B10BDA0
:1071500000000000000000009FED050B10B553EC8F
:10716000102B51EC100BF9F78BF941EC100B10BD03
:10717000000000000000001002E008C8121F08C153
:10718000002AFAD170477047002001E001C1121FA8
:10719000002AFBD1704700000149086070470000D9
:1071A0000C0100202DE9FF5F82B00021DDE90430F1
:1071B000020DDDF840B0034318D044F61050A2F29F
:1071C000FF3242431514119801281FD0A5EB0B0084
:1071D000401C5FEA000A4FF000064E4FDFF838917E
:1071E000B046504615D5CAF1000413E011980124A9
:1071F0004AA3012801D16FEA0B010298119AC0E954
:107200000031C0E9024206B0BDE8F09FCBF10000BA
:10721000DFE704460021404A491842EB0450CDE91B
:10722000001012E0E00707D032463B464046494690
:10723000F9F726F98046894632463B4610461946FC
:10724000F9F71EF906460F466410002CEAD1DDE975
:107250000401DDE90023BAF1000F06DAF9F710F9AD
:1072600042464B46F9F70CF905E0F9F77BF942463F
:107270004B46F9F777F904460E460022284BF9F7FA
:107280002BFA03D84FF0FF30014607E00022254BD0
:1072900020463146F9F74DF8F9F77EFB102409E056
:1072A000002C0ADB0A220023F8F7ECFF039B3032A4
:1072B0001A55641E50EA0102F2D1641C039AC4F10B
:1072C00011031444119A012A03D0012208430DD15D
:1072D0000AE0084304D000204FF0110B119072E730
:1072E000A3EB0B056D1E0DE05B4504DD4FF00002C6
:1072F00005F1010504E003DA4FF00002A5F10105F4
:10730000002AECD002981199C0E90231C0E9004589
:1073100079E70000000014400000F03F300000005A
:107320000000F0430000E03F2DE9FF4F95B09A4682
:10733000884606460025EEE1252877D10024274619
:10734000F94A0121039400E0044316F8013F203B71
:1073500001FA03F01042F7D130782A2811D06FF0EB
:107360002F033078A0F13002092A16D8039A44F08E
:10737000020402EB820203EB42021044761C0390EB
:10738000EFE758F8042B0392002A03DA504244F442
:107390000054039044F00204761C30782E2816D155
:1073A00016F8010F44F004042A280DD06FF02F02C4
:1073B0003078A0F13003092B09D807EB870302EBE3
:1073C0004303C718761CF3E758F8047B761C307823
:1073D0006C280FD006DC4C2817D068280DD06A28FE
:1073E00014D104E0742810D07A280FD10DE044F4B1
:1073F00000140AE044F4801401E044F4401472786C
:10740000824202D104F58014761C761C30786628FE
:107410000BD013DC582877D009DC002875D045281C
:10742000F6D04628F4D047281AD193E118E0632813
:1074300035D0642879D0652812D18BE1702873D0BB
:1074400008DC6728F1D069286FD06E280DD06F282E
:1074500006D1ACE073282CD0752874D0782853D08E
:107460005246179990476D1C54E1C4F3025002280C
:1074700009D003280DD0D8F8001004280DD00D60D5
:1074800008F1040846E1D8F80010EA17C1E90052F3
:10749000F6E7D8F800100D80F2E70D70F0E718F865
:1074A000041B8DF8001000208DF80100EB46012030
:1074B00003E058F804BB4FF0FF3061074FF00001C4
:1074C00002D40DE009F101018946B9420FDA814584
:1074D000F8DB1BF809100029F4D108E009F10101DB
:1074E00089468142FADB1BF809100029F6D103987E
:1074F0005346A0EB090721463846179A00F080FA58
:10750000284400EB090507E044E008E10DE01BF822
:10751000010B524617999047B9F10109F7D253462A
:1075200021463846179AF2E039E00A21C4F30252A4
:107530004FF0000B0091022A06D058F8040BC11737
:10754000032A09D00AE023E008F1070020F007022F
:10755000F2E80201904605E000B2C117042A01D109
:1075600040B2C117002906DA0A460021404261EB09
:1075700002012D2202E0220504D52B228DF80420E1
:10758000012203E0E20701D02022F7E7914657E00D
:107590000A2100E010214FF0000B00910BE01021B8
:1075A0004FF0000B44F004040827009103E008208A
:1075B0004FF0000B0090C4F30252022A05D058F895
:1075C000040B0021032A08D008E008F1070020F08E
:1075D0000702F2E80201904603E080B2042A00D1DB
:1075E000C0B24FF0000922072AD53278702A07D09E
:1075F000DDF800C08CF0100C5CEA0B0C05D00EE03E
:1076000040228DF80420012208E050EA010306D050
:1076100030238DF804308DF8052002229146009B1E
:1076200083F0080353EA0B030AD150EA010201D1A7
:10763000620705D530228DF804204FF001097F1E26
:107640003278582A04D039A20C920CAA02920BE08C
:107650003BA2F9E75B46009AF8F714FE0C9B9B5C93
:10766000029A521E0292137050EA0102F2D102985D
:1076700004A9081A00F1200B600702D524F4803415
:1076800000E001275F4502DDA7EB0B0000E00020D2
:1076900000EB0B01009003984944401A0390E0036B
:1076A00006D453462146179A039800F0A9F90544D9
:1076B000002706E001A85246C05D179990476D1C4F
:1076C0007F1C4F45F6DBE0030CD553462146179A45
:1076D000039800F095F9054404E0302052461799CC
:1076E00090476D1C0099481E00900029F5DC08E0C9
:1076F0000298029952460078491C029117999047C6
:107700006D1CBBF10001ABF1010BF1DC5BE100F0A2
:1077100065F90544761C307800287FF40DAE19B069
:107720002846BDE8F08F00000928010030313233CF
:1077300034353637383961626364656600000000AD
:107740003031323334353637383941424344454697
:1077500000000000600700D4062708F1070020F0B1
:107760000700F0E80223804603F0004C5FEA0C00BB
:1077700001D097A009E0200501D596A005E0E0071B
:1077800001D095A001E0AFF24C001390307823F0C7
:10779000004365280CD006DC452809D046281DD0BA
:1077A00047287FD13BE0662818D067287AD136E099
:1077B0000021112F01DB112000E0781CCDE9000130
:1077C00004A90CA8FFF7EEFCDDE90D010C9A4FF0BF
:1077D000000B07F10109109200914EE04FF00040BC
:1077E0000097CDE9011004A90CA8FFF7DBFCDDE947
:1077F0000D020C9B0F994FF0000B914610930092D5
:1078000011B9791C00EB0109B7EB090003D4C0F1F1
:10781000FF3B07F10109A9EB0700019042E0012FAE
:1078200000DA01270021112F01DD112000E0384688
:10783000CDE9000104A90CA8FFF7B4FCDDE90D01B6
:107840000C9A00914FF0000BB946109221070FD40B
:10785000009A4A4503DA914601E0A9F10109B9F11C
:10786000010F05DD109AA9F10101515C3029F4D016
:10787000B84202DA10F1040F03DA0121CDE9011058
:1078800010E0002803DC8344A9EB000102E0411C66
:10789000494500DD8946A0EB0B00401C01904FF0EC
:1078A00000400290200705D40198484502DB4FF0C4
:1078B000FF30019000208DF84B0002980DF14B072E
:1078C000B0F1004F25D002200C902B200D90029893
:1078D00000280CDA404202902D200D9007E00A218A
:1078E0000298F8F72DFF3031029007F8011D0C992E
:1078F000481E0C900029F2DC02980028EFD1791E76
:107900000D980870307800F0200040F0450007F82E
:10791000020D11A8C01BC01D02901398007800B181
:10792000012000EB0901019801EBE071029801448C
:107930000398401A401E0390E00306D453462146A4
:10794000179A039800F05CF805441398007818B172
:107950005246179990476D1CE00323D553462146A4
:10796000179A039800F04CF805441BE0BBF1000F98
:1079700007DB0098584504DD1098179910F80B00A4
:1079800001E0179930205246904701980BF1010B06
:10799000401E05F10105019004D12E205246179991
:1079A00090476D1CB9F10001A9F10109DEDC05E089
:1079B00017F8010B5246179990476D1C0299481E03
:1079C00002900029F4DC53462146179A03989EE65C
:1079D0002D0000002B000000200000002DE9F041E8
:1079E000044600251E461746880404D405E039469F
:1079F0002020B0476D1C641EF9D52846BDE8F081F3
:107A00002DE9F041044600251E469046C80301D5E5
:107A1000302700E02027880404D505E04146384699
:107A2000B0476D1C641EF9D52846BDE8F0810A6890
:107A3000531C0B60107070477047002806D04AF244
:107A40000E421146491EFDD1401EFAD1704700007A
:107A500010B504462DED028B10EE100AF8F728FE43
:107A60009FED0D1B53EC112BF8F70AFD41EC180BA1
:107A70002068F8F71DFE9FED0A1B53EC112BF8F759
:107A8000FFFC53EC182BF8F754FCF8F73DFE206090
:107A9000BDEC028B10BD00009A9999999999C93F44
:107AA0009A9999999999E93F82B0CDE9000121F01D
:107AB000004001909DED000B02B051EC100B70479F
:107AC00010B50446044832230146047001220348DD
:107AD000FBF7B0FF204610BD00000020840F0020FF
:107AE00000207047FAF7D2F9FEF7C6FAFDF74AF818
:107AF000FCF75AFEFCF73AFEFDF7C4F8FDF784F9EF
:107B0000FDF7EAF9FDF71CFAFDF750FAFDF784FAE4
:107B1000FDF7B6FAFDF760FBFDF7D8F8FDF7AEFB11
:107B2000FDF7C8FBFDF7E2FBFCF7ECFDFDF702F902
:107B3000FDF734F9FDF786FBFDF7C4FAFDF7E4FA2B
:107B4000002210210948FAF78EF9C822084909488D
:107B5000FBF7FDFB0649C822C8310748FBF7F7FBD6
:107B6000FCF760FE00F017F8FEE70000000002409E
:107B700010010020FC0E0020840F00200146002090
:107B8000842900D0C81C704710B500B9012000F04E
:107B9000EFFD002010BD10B500F098FE002010BDD4
:107BA0007FB50D4604464169B0F9080081B1A1696D
:107BB00071B1FFF7E3FFD4E905128DE80700D4E9BE
:107BC00000102B46226901F00EFA039004B070BD3C
:107BD000FFF7D4FF03A9CDE90001208A2B4682B22A
:107BE000D4E9001001F0D2F9012801D00020EDE71E
:107BF0000398EBE72DE9F041184C0F460546E6687F
:107C00002068001D00F081FC38B9206890F82C1025
:107C100001208840216981432161681C07D137B167
:107C20002168BDE8F0410E48091D00F0BDBC206888
:107C30003544B5424560216805D2206CBDE8F0416D
:107C4000091D00F099BCE06B091D00F095FCA06ACD
:107C5000854200D2A562BDE8F0810000140000203A
:107C60002C1400202DE9F041054600F0A9FC2E4C13
:107C7000A068401CA06020682C4F10B1606940B320
:107C80002DE02560A068012829D1002606EB86009A
:107C900007EB800000F062FC761C072EF6D3234829
:107CA0008C3000F05BFC2148A03000F057FC1F48EE
:107CB000B43000F053FC1D48C83000F04FFC1B48A6
:107CC000DC3000F04BFC19488C30E0631430206449
:107CD00005E02068E96AC06A884200D82560606AC9
:107CE000401C60626864E96A012022698840104390
:107CF000206101EB810007EB8000291D00F054FC9E
:107D000000F07EFC606900280CD02068E96AC06A37
:107D1000884207D206494FF080500860BFF34F8F6A
:107D2000BFF36F8FBDE8F0811400002050130020D6
:107D300004ED00E038B500F043FC104C2068C8B9F1
:107D40000F4800F00BFC0E48143000F007FC0C4804
:107D5000E060143020610A4B0020C83B009003F122
:107D600050020C210A2000F0B3FE206010B105A1E2
:107D700000F0C8FCBDE8384000F042BC58000020CC
:107D800008150020546D72510000000030B4026CE0
:107D90000B46002A0BD0C1681144C1608468A1421F
:107DA00001D30168C16030BC1846F8F79CBA30BCFA
:107DB00070472DE9F041856B174604460026026C9A
:107DC00082B1C7B1E068F8F78EFAE168206C091A51
:107DD000E1602268914202D2A168081AE060022F95
:107DE00016D017E02068A8B9A06801F0A1F90646EE
:107DF0000020A0600EE06068F8F775FA216C6068FA
:107E000008446060A168884204D32068606001E093
:107E100005B16D1E6D1CA5633046BDE8F08110B53F
:107E2000044690F8610058B101280CD002280FD008
:107E3000502080F31188BFF34F8FBFF36F8FFEE7A1
:107E4000206B00F0F1FB2046BDE8104000F0ECBBD9
:107E500010BD000010484FF47051420706D0C01DFD
:107E60000D4920F00700411AC1F570510B4A00235B
:107E70000144C2E900030839183A21F007011160F2
:107E80004B600B600B1AC0E9001393604FF0004089
:107E900053605061704700003015002084000020BE
:107EA000144E154CA6F1C8074FF08058DFF84C90DF
:107EB00012E000BF00F084FBF068C568281D00F0E8
:107EC00024FBA068401EA0606068401E606000F057
:107ED00097FB2846FFF7A3FF60680028EAD13868BF
:107EE0000128F9D9C9F80080BFF34F8FBFF36F8F16
:107EF000F2E70000181400201400002004ED00E058
:107F000070B51D46049C51B1C4F80020C4E90F01AE
:107F10000121204600F010FE84F84C5070BD246012
:107F2000F4E700002DE9F05F8846DDE90B94154683
:107F3000834691009A460A9EA522206BF8F7E7F93E
:107F40006FF00301206B01EB8501084420F0070767
:107F5000780707D0502080F31188BFF34F8FBFF30D
:107F60006F8FFEE70025B8F1000F0FD05FF0000023
:107F7000221818F8001082F8341018F8001011B107
:107F8000401C1028F4D384F8435001E084F83450A6
:107F9000072E00D30626E662C4E91365201D00F013
:107FA000E8FA04F1180000F0E4FA2461C6F10700D1
:107FB0006462A0616565A565E56584F86050524618
:107FC0005946384600F054FA2060B9F1000F01D04C
:107FD000C9F80040BDE8F09F30B5114900E01146F6
:107FE0000A688242FBD34B685C18844203D1406824
:107FF00018444860084643681C18944209D1084C4C
:10800000183C2468A24209D052681A4442600A68A7
:1080100012680260814200D0086030BD0460F9E758
:108020008400002070B5002441600B4D0061914236
:1080300006D8D11A8269914206D2011D286907E04B
:108040009A4203D2994201D3012403E0011DE8685A
:1080500000F092FA204670BD5800002010B504468A
:1080600000F0AEFAA06B28B15FF0000400F0C8FA8F
:10807000204610BD0124F9E730B587B0394D67E0DF
:108080000498002864DB069C606910B1201D00F094
:108090003CFA03A800F0D8F8024604980A2857D200
:1080A000DFE800F00505052D334A05052D3394F86A
:1080B000280040F0010084F828000599A069059B7C
:1080C00001442046FFF7AEFF68B3216A2046884787
:1080D00094F8280040073BD5002000900598A1693E
:1080E000002342181946204601F03AF9D8B9502029
:1080F00080F31188BFF34F8FBFF36F8FFEE714F843
:10810000280F20F00100207022E094F8280040F0B1
:10811000010084F828000598A06128B18118134651
:108120002046FFF77FFF13E0502080F31188BFF354
:108130004F8FBFF36F8FFEE794F82800810703D4B9
:10814000204600F071FA03E020F0010084F82800D6
:10815000002204A9286800F043FE002890D107B04F
:1081600030BD0000580000202DE9FC410F460546B7
:1081700000F0F2FB01A800F067F80446019818B17E
:1081800001F05CF8BDE8FC81254EAFB130690068B4
:10819000D0B30027291B3A46306800F0C7FA01F037
:1081A0004DF80028EED11F494FF080500860BFF312
:1081B0004F8FBFF36F8FE5E7A542EBD801F03EF894
:1081C000F0682746C068C468201D00F09EF994F846
:1081D0002800410719D5A0692B4641193A46204687
:1081E000FFF720FFA8B100200346014600902A4671
:1081F000204601F0B5F860B9502080F31188BFF334
:108200004F8FBFF36F8FFEE707E020F0010084F887
:108210002800216A20468847B4E70127BAE7000012
:108220005800002004ED00E00648C16B096829B140
:10823000C16BC968C9684968816270474FF0FF31F6
:10824000FAE700001400002070B5054600F004FFB6
:10825000064E0446B068844203D200F009F80120BB
:1082600000E0002028602046B46070BD5800002067
:10827000F8B5194D20E0C068C4680668201D00F0FC
:1082800044F9216A2046884794F82800400713D50E
:10829000A0693044B04206D924616060211DE868BD
:1082A00000F06AF908E000200346014600903246DB
:1082B000204601F055F838B1E86801680029DAD1A4
:1082C0002969C5E90310F8BD502080F31188BFF378
:1082D0004F8FBFF36F8FFEE75800002008484068BB
:1082E000401C4FF0500080F3118804D0BFF34F8F33
:1082F000BFF36F8FFEE7BFF34F8FBFF36F8FFEE7C4
:108300008C000020074CE068016841B1C068002182
:10831000D0F80000FFF728FFFFF7AEFEF3E70121DA
:108320000020F7E7580000202DE9F041044600F056
:1083300047F994F9455004F1240609E0606A48B110
:10834000304600F041FF08B100F086FA6D1E6DB2B4
:10835000002DF3DC4FF0FF3684F8456000F050F953
:1083600000F02EF994F9445004F1100709E0206957
:1083700048B1384600F028FF08B100F06DFA6D1ED4
:108380006DB2002DF3DC84F84460BDE8F04100F0EC
:1083900037B900002DE9F0410546002700F0DCFA6E
:1083A000324E306808B9FFF755FD706905424ED16D
:1083B000C5B3083568070ED005F00700C0F1080006
:1083C0000544680707D0502080F31188BFF34F8F12
:1083D000BFF36F8FFEE72DB37068854237D823480F
:1083E000183001460C6801E020460C466168A9423D
:1083F00002D221680029F7D131688C4227D0076862
:108400002168016060680837411B10290FD9601985
:10841000420708D0502080F31188BFF34F8FBFF37D
:108420006F8FFEE713E041606560FFF7D5FD61687F
:108430007068401A7060B268904200D2B060706993
:1084400001430020C4E90001F068401CF06000F026
:10845000F5FE780707D0502080F31188BFF34F8FC7
:10846000BFF36F8FFEE73846BDE8F0816C00002057
:1084700010B5031F4FF080741C601B1F21F0010119
:108480001960191F044B0B6014390A60091F6FF043
:10849000020244380A6010BDDD82000800B52DEDEF
:1084A000048B83B041EC190BF8F725FA41EC180B5B
:1084B00018EE100A18EE901A8DED008B002818BFE8
:1084C0000120084320F00040C0F17F6000F1E0404F
:1084D000C00F14D019EE101A19EE900A8DED009B02
:1084E000002918BF0121084320F00040C0F17F603F
:1084F00000F1E040C00F04BF0120FEF74DFE51EC3B
:10850000180B03B0BDEC048B00BDD0E9013201694A
:108510009A60D0E901235A604A68824201D1826898
:108520004A60002202610868401E086008687047BF
:10853000034B036003F16400086080201060704703
:1085400068030020044B036003F1640008604FF4EB
:108550008070106070470000CC05002000F1080119
:108560004FF0FF32C0E90112C160016100210160DA
:10857000704700210161704730B50B685A1C02D06A
:1085800000F1080202E0026904E02246546825680E
:108590009D42FAD953684B6099608A6051600861C6
:1085A0000168491C016030BD42684A6093688B6075
:1085B00093685960916008610168491C01607047C7
:1085C000502080F31188BFF34F8FBFF36F8F0A499C
:1085D0004868401C486001280CD10848006810F029
:1085E000FF0F07D0502080F31188BFF34F8FBFF3E8
:1085F0006F8FFEE7704700008C00002004ED00E064
:108600000849486828B1401E486001D180F31188AC
:108610007047502080F31188BFF34F8FBFF36F8FE7
:10862000FEE700008C00002070B500282AD0164D0F
:10863000A0F1080460686969084207D1502080F3FE
:108640001188BFF34F8FBFF36F8FFEE722683AB1F7
:10865000502080F31188BFF34F8FBFF36F8FFEE779
:108660008843606000F078F9606869680844686071
:108670002046FFF7B1FC2869401C2861BDE8704026
:1086800000F0DCBD70BD00006C0000204FF0E02069
:1086900000210161816105494FF47A720968B1FBDB
:1086A000F2F1491E4161072101617047100000206D
:1086B00010B5F7F7D1FD114910280ED300F1E020D5
:1086C00090F8F0030A78904207D2502080F3118886
:1086D000BFF34F8FBFF36F8FFEE7094800688968CB
:1086E00000F4E060884207D9502080F31188BFF37E
:1086F0004F8FBFF36F8FFEE710BD00008C0000208E
:108700000CED00E010B5084B002200BF53F83240DA
:108710001CB1521C082AF9D310BD43F8321003EBE8
:10872000C201486010BD00001013002070B515464E
:108730000E460446FFF744FF94F944100020491CFC
:1087400001D184F8440094F94510491C01D184F802
:108750004500FFF755FFA06B28B92A46314604F1C2
:10876000240000F097F82046BDE87040FFF7DCBD1C
:1087700010B5020014D00F48006B38B1502080F3C0
:108780001188BFF34F8FBFF36F8FFEE700F0E4F85F
:1087900000211046FFF72EFA00F050FD002807D107
:1087A00005494FF080500860BFF34F8FBFF36F8FC4
:1087B00010BD00001400002004ED00E070B50D466F
:1087C00004000BD095B11E4A106BB8B1502080F355
:1087D0001188BFF34F8FBFF36F8FFEE7502080F3F8
:1087E0001188BFF34F8FBFF36F8FFEE7502080F3E8
:1087F0001188BFF34F8FBFF36F8FFEE700F0ACF827
:10880000D26823685919934204D98B420AD99142FC
:1088100002D807E08B42FAD9881A21600021FFF7BD
:10882000E9F900E0216000F009FD002807D10549C1
:108830004FF080500860BFF34F8FBFF36F8F70BD54
:108840001400002004ED00E002490A6A0260C968D1
:10885000416070471400002001490120C861704741
:108860001400002010B50C4650B1094909681831B0
:10887000FFF782FE2046BDE810400121FFF7BAB99C
:10888000502080F31188BFF34F8FBFF36F8FFEE747
:108890001400002070B514460D4668B10A490968F5
:1088A0001831FFF781FE0CB14FF0FF352146284605
:1088B000BDE87040FFF79EB9502080F31188BFF3E8
:1088C0004F8FBFF36F8FFEE71400002030B587B0E5
:1088D0000024039405AA04A903A80494FFF728FE22
:1088E000DDE903010094CDE90110002316A1184829
:1088F000059A00F078FB174D0028E86221D000F0BF
:10890000FFFC012809D0401C1BD1502080F31188A6
:10891000BFF34F8FBFF36F8FFEE7502080F31188B6
:10892000BFF34F8FBFF36F8F4FF0FF30A86201206E
:108930006861EC60FFF780F807B0BDE8304000F0F8
:108940004DB807B030BD000049444C450000000060
:10895000A17E0008140000200248016B491C01633D
:10896000704700001400002010B51A4C206B10B1A5
:108970000120E06110BD0020E061FFF7B1F8A063C5
:10898000626B904204D92168821A8B6D1A448A6501
:10899000606320691049B0FA80F0C0F11F0000EB5D
:1089A000800051F820206AB101EB800000F108023C
:1089B000416849684160914201D149684160C86895
:1089C000206010BD502080F31188BFF34F8FBFF39C
:1089D0006F8FFEE714000020501300201CB53748AD
:1089E0000168374A914207D1502080F31188BFF3C4
:1089F0004F8FBFF36F8FFEE700683149491E8842F1
:108A000007D1502080F31188BFF34F8FBFF36F8FD2
:108A1000FEE72C4908780190FF20087008788DF84F
:108A200000009DF800009DF8002000F0F00090424A
:108A300007D0502080F31188BFF34F8FBFF36F8FA3
:108A4000FEE79DF80000204C00F050002070072049
:108A5000A06005E09DF8002052008DF80020401E27
:108A60009DF800201206F5D4A060032807D05020FE
:108A700080F31188BFF34F8FBFF36F8FFEE74FF482
:108A80004070A060019808700C482030016841F4E3
:108A900070010160016841F070410160FFF7F6FD6F
:108AA00000206060F7F7A0FB0848016841F04041F2
:108AB0000160F7F785FB00201CBD000000ED00E021
:108AC00071C20F4100E400E08C00002034EF00E0B0
:108AD00038B5049D18B153B1CAB181B120E050201E
:108AE00080F31188BFF34F8FBFF36F8FFEE75020E5
:108AF00080F31188BFF34F8FBFF36F8FFEE75020D5
:108B000080F31188BFF34F8FBFF36F8FFEE739B14A
:108B1000502080F31188BFF34F8FBFF36F8FFEE7B4
:108B200050241C46012384F846302B460094FFF75E
:108B3000E7F9204638BD000070B50D46040025D089
:108B4000FFF73EFDD4E90F20216802FB0011A16070
:108B50000021A163216861600A46D4E90F01401E2B
:108B600000FB0121E16021464FF0FF3001F8440F86
:108B7000487004F110008DB1FFF7F0FC04F12400FF
:108B8000FFF7ECFCFFF73CFD012070BD502080F3A7
:108B90001188BFF34F8FBFF36F8FFEE72169002964
:108BA000F0D000F011FB0028ECD004494FF08050C9
:108BB0000860BFF34F8FBFF36F8FE3E704ED00E072
:108BC0002DE9FF4782B01D468A464FF00008040099
:108BD00003D0BAF1000F08D011E0502080F31188C3
:108BE000BFF34F8FBFF36F8FFEE7206C38B150207B
:108BF00080F31188BFF34F8FBFF36F8FFEE7022D15
:108C00000AD1E06B012807D0502080F31188BFF310
:108C10004F8FBFF36F8FFEE700F010FA3F4F4FF01A
:108C200000094FF0805648B9049838B1502080F3BD
:108C30001188BFF34F8FBFF36F8FFEE7FFF7C0FCC4
:108C4000A06BE16B884207D3022D05D00498D0B108
:108C5000B8F1000F1AD01EE02A4651462046FFF711
:108C6000A8F8616A19B104F1240000F0ADFA20B14E
:108C70003E60BFF34F8FBFF36F8FFFF7C1FC012042
:108C800006B0BDE8F087FFF7BBFC22E06846FFF7BF
:108C9000DBFD4FF00108FFF7B3FCFFF75DFEFFF7C8
:108CA0008FFC94F94400401C01D184F8449094F95D
:108CB0004500401C01D184F84590FFF7A1FC04A9B0
:108CC000684600F029F930B12046FFF72DFB00F08F
:108CD000B5FA0020D4E7FFF773FCA06BE16B884284
:108CE00013D1FFF78DFC04F110000499FFF7BAFDD2
:108CF0002046FFF719FB00F0A1FA00289ED13E6044
:108D0000BFF34F8FBFF36F8F98E7FFF779FC2046D3
:108D1000FFF70AFB00F092FA90E7000004ED00E094
:108D20002DE9F0471F4690468946040003D0B9F16B
:108D3000000F08D011E0502080F31188BFF34F8F4F
:108D4000BFF36F8FFEE7206C38B1502080F311889D
:108D5000BFF34F8FBFF36F8FFEE7022F0AD1E06B97
:108D6000012807D0502080F31188BFF34F8FBFF345
:108D70006F8FFEE7FFF79CFC5020EFF3118680F326
:108D80001188BFF34F8FBFF36F8FA06BE16B8842E9
:108D900006D3022F04D0002086F31188BDE8F087A7
:108DA00094F94550A06B3A4649462046FFF701F832
:108DB000681C04D06D1C84F845500120ECE7606A03
:108DC0000028FAD004F1240000F0FEF90028F4D0C5
:108DD000B8F1000FF1D00121C8F80010EDE7000054
:108DE0002DE9F747002683B08A46040003D0BAF184
:108DF000000F08D011E0502080F31188BFF34F8F8F
:108E0000BFF36F8FFEE7206C38B1502080F31188DC
:108E1000BFF34F8FBFF36F8FFEE700F00FF9DFF85E
:108E2000F4804FF000094FF0805748B9059838B1E9
:108E3000502080F31188BFF34F8FBFF36F8FFEE791
:108E4000FFF7BEFBA56BC5B151462046FEF79EFF5E
:108E50006D1EA563206950B104F1100000F0B4F953
:108E600028B1C8F80070BFF34F8FBFF36F8FFFF7C3
:108E7000C7FB012006B0BDE8F087059808B11EB118
:108E800006E0FFF7BDFB27E06846FFF7DDFC0126A3
:108E9000FFF7B6FBFFF760FDFFF792FB94F9440084
:108EA000401C01D184F8449094F94500401C01D144
:108EB00084F84590FFF7A4FB05A9684600F02CF85C
:108EC000002820460AD0FFF72FFA00F0B7F9204615
:108ED000FFF7C4F80028B3D00020CBE7FFF7BEF8B7
:108EE00090B104F124000599FFF7BCFC2046FFF780
:108EF0001BFA00F0A3F90028A2D1C8F80070BFF354
:108F00004F8FBFF36F8F9BE72046FFF70DFA00F0FE
:108F100095F995E704ED00E02DE9F0410C460500D8
:108F200011D0C4B1FFF74CFB174BDA686E682068AC
:108F3000911B471C17D02F681B6A9F4219D096427D
:108F400017D8012410E0502080F31188BFF34F8F11
:108F5000BFF36F8FFEE7502080F31188BFF34F8F70
:108F6000BFF36F8FFEE70024FFF74AFB2046BDE802
:108F7000F081884205D9401A20602846FFF764FC3A
:108F8000F1E700202060DCE7140000202DE9FF5FFE
:108F90008346DDE90E87994616468A469000FFF71C
:108FA000F9F905001CD06420FFF7F4F9040014D08F
:108FB0000020256384F86100CDE90240CDE90087F7
:108FC0004B46324651465846FEF7ACFF2046FEF768
:108FD00049FE012004B0BDE8F09F2846FFF724FBBE
:108FE0004FF0FF30F6E7F0B585B0DDE90B640A9D80
:108FF000A6B1DCB1642700972663022684F861607D
:10900000002604AFCDE90246CDE90057FEF78AFFFE
:109010002046FEF727FE049805B0F0BD502080F3EF
:109020001188BFF34F8FBFF36F8FFEE7502080F39F
:109030001188BFF34F8FBFF36F8FFEE7054841697B
:1090400019B1006B18B10020704701207047022051
:1090500070470000140000200148C06870470000FD
:10906000140000202DE9F0412F4C0026206B28B180
:10907000A069401CA0613046BDE8F081E5686D1C28
:10908000E56013D1E06B006838B1502080F311889F
:10909000BFF34F8FBFF36F8FFEE7E06B216CE1638F
:1090A0002064206A401C2062FFF7BEF8A06ADFF847
:1090B0007C80854209D3E06B0068A0B1E06BC0689A
:1090C000C7687868854211D2A0622068C06A00EB48
:1090D000800158F82100012800D90126E069002804
:1090E000C9D00126C7E74FF0FF30EDE7381DFFF785
:1090F0000CFAB86A18B107F11800FFF706FAF96A16
:109100000120226988401043206101EB810108EBB6
:109110008100391DFFF748FAF86A2168C96A884258
:10912000C9D30126C7E70000140000205013002017
:1091300070B504004FF0000140D0214D28688442F2
:1091400007D0502080F31188BFF34F8FBFF36F8F8C
:10915000FEE7206D38B1401E2065E36CE26A9A425A
:109160002CD040B12AE0502080F31188BFF34F8FFC
:10917000BFF36F8FFEE7201DFFF7C7F9114A0121EA
:1091800050B9E06A00EB800352F8233023B92B6911
:1091900001FA00F083432B61E06CE062C0F107004C
:1091A000A061E06A2B6981401943296100EB8000CE
:1091B00002EB8000211DFFF7F7F90121084670BD81
:1091C00014000020501300202DE9F041C068C4684D
:1091D000ACB104F118000746FFF797F9154D286B5D
:1091E0000126A0B139461448FFF7DEF9E06A296884
:1091F000C96A88421CD90120EE61BDE8F081502087
:1092000080F31188BFF34F8FBFF36F8FFEE7201DF0
:10921000FFF77BF9E16A2A6906FA01F01043286139
:1092200001EB81000449B43901EB8000211DDBE72B
:109230000020E2E714000020041400202DE9F0478C
:109240002C4D00242746286B38B1FFF7B9F9286B5D
:10925000401E2863286B40B146E0502080F31188FF
:10926000BFF34F8FBFF36F8FFEE7A968224E012037
:10927000D1B3A6F1B40980463068E8B1F068C4689B
:1092800004F11800FFF741F9201DFFF73EF9E06AED
:109290002A6908FA00F11143296100EB800109EB0A
:1092A0008100211DFFF780F9E06A2968C96A8842B8
:1092B000E2D3C5F81C80DFE70CB1FEF7B5FFAC695F
:1092C00044B14646FFF7CEFE00B1EE61641EF9D10F
:1092D0000020A861E86938B108490127380708600B
:1092E000BFF34F8FBFF36F8FFFF78AF93846BDE8A2
:1092F000F0870000140000200414002004ED00E0BA
:1093000010B586B0FEF716FD114C2068B8B10020EC
:109310000390049005AA04A903A8FFF713F9DDE957
:10932000032102208DE8070000230AA10B48059ABB
:10933000FFF759FE606010B106B0012010BD50204B
:1093400080F31188BFF34F8FBFF36F8FFEE70000EC
:1093500058000020546D7220537663000583000886
:10936000FEB51E4613460200089D4FF0000014D0C3
:10937000124C2768002F0FD0CDE900130292062966
:1093800015DAFFF75BFE02284FF000030DD0002234
:1093900069462068FFF714FCFEBD502080F3118859
:1093A000BFF34F8FBFF36F8FFEE72A46F0E700232E
:1093B000324669463846FFF7B3FCFEBD5800002030
:1093C00070CB0008313F0008FDFF000000000000E6
:1093D00080000000000000000000000018CB000822
:1093E000D1580008FDFF00000000000080000000D0
:1093F000000000000000000020CB000865560008B7
:10940000FDFF0000000000008000000000000000E0
:109410000000000028CB00088D430008FDFF00007D
:10942000000000000001000000000000000000003B
:1094300058CB0008B70F0008FDFF00000000000037
:1094400080000000000000000000000064CB000865
:1094500065550008FDFF00000000000080000000CE
:1094600000000000000000004CCB0008291200089A
:10947000FDFF000000000000800000000000000070
:109480000000000038CB0008AD0F0008FDFF000011
:10949000000000008000000000000000000000004C
:1094A00030CB0008653D0008FDFF00000000000013
:1094B00000010000000000000000000040CB000898
:1094C0003D5E0008FDFF000000000000800000007D
:1094D0000000000000000000000610160006101634
:1094E0000000000000000000010203040607080954
:1094F00000000000010203040000F80F0808F80F44
:109500000808F80F80008800F81F84008200F80F18
:1095100080008000FE3F00000800C83F480048105F
:109520007F11480A4C0A5C046A044A0A490A481135
:10953000C8104800C87F08000000000000000000BC
:10954000000000000000000000000000000000001B
:10955000F0FFFF0FF0FFFF0FF0FFFF0FF000800F95
:10956000F0FFFF0FF0FFFF0FF000800FF0FFFF0F85
:10957000F0FFFF0FF0FFFF0FE0C10300F0FFFF1F40
:10958000F8FFFF1FFCFFFF1F3EC00300FEFFFF0FA1
:10959000ECFFFF0FE0FFFF0F00C00300FEFFFF3FE7
:1095A000FEFFFF3FFEFFFF3F000000000000000045
:1095B00000000000000000000000000000000000AB
:1095C000000000000000000000000000F0000000AB
:1095D000F0F0FF3FF0F0FF3FF0F0FF3FFEF700003C
:1095E000FEF70C06FEF71F1EF0F01E0FF8F0BC0F82
:1095F000F8F0F807FCF1F003FCF7F001FEFFF001D2
:10960000FFF2F003F6F0F807F6F0BC0FF2F01E1FC1
:10961000F2F00F1EF0F00C04F0F00000F0F0FF3F4D
:10962000F0F0FF3FF0F0FF3FF0000000000000000E
:10963000000000000000000000000000000000002A
:109640000000000000000404040404000004000002
:1096500014140A00000000000000000000000A0AC4
:109660001F0A0A1F0A0A000000040E1505060C1442
:10967000150E0400000012150D152E2C2A120000E4
:109680000000040A0A36151529160000020201001E
:109690000000000000000000100808040404040496
:1096A000080810000204040808080808040402005E
:1096B00000000004150E0E15040000000000000854
:1096C000083E080800000000000000000000000044
:1096D0000202010000000000003F00000000000046
:1096E0000000000000000000000200000020101038
:1096F000080804040202010000000E1111111111EA
:10970000110E00000000040604040404040E00000E
:1097100000000E1111080402011F000000000E11CC
:10972000100C1010110E00000000080C0C0A091F8C
:10973000081C000000001F01010F1110110E000095
:1097400000000C12010D1311110E000000001E107C
:10975000080804040404000000000E11110E111189
:10976000110E000000000E1111191610090600005C
:1097700000000000040000000004000000000000E1
:1097800000040000000404000000100804020204A9
:1097900008100000000000003F003F000000000033
:1097A00000000204081010080402000000000E115E
:1097B000110804040004000000001C22292D2D1DA6
:1097C000221C0000000004040C0A0A1E12330000D0
:1097D00000000F12120E1212120F000000001E11D4
:1097E00001010101110E000000000F1212121212ED
:1097F000120F000000001F120A0E0A02121F0000C2
:1098000000001F120A0E0A020207000000001C12CC
:1098100001013911120C000000003312121E121245
:109820001233000000001F0404040404041F00009D
:1098300000003E0808080808080809070000371259
:109840000A060A1212370000000007020202020292
:10985000223F000000003B1B1B1B151515350000A7
:1098600000003B1216161A1A1217000000000E1103
:1098700011111111110E000000000F12120E020240
:109880000207000000000E1111111117190E180027
:1098900000000F12120E0A121237000000001E11F3
:1098A00001060810110F000000001F150404040435
:1098B000040E00000000331212121212120C0000EB
:1098C00000003312120A0A0C0404000000001515EF
:1098D00015150E0A0A0A000000001B0A0A04040AF1
:1098E0000A1B000000001B0A0A0A0404040E000000
:1098F00000001F0908040402121F00001C040404D5
:109900000404040404041C00000202040404080803
:10991000081010000E0808080808080808080E00BB
:10992000040A000000000000000000000000000029
:10993000000000000000003F0204000000000000E2
:109940000000000000000000000C121C123C00008F
:1099500000030202020E1212120E000000000000AC
:10996000001C1202120C000000181010101C121221
:10997000123C000000000000000C121E021C00003F
:1099800000182404041E0404041E0000000000004B
:10999000003C120C021C221C00030202020E1212D6
:1099A000123700000004040000060404040E000046
:1099B00000080800000C0808080808070003020255
:1099C000021A0A060A13000000070404040404042F
:1099D000041F000000000000000F15151515000001
:1099E00000000000000F12121237000000000000FB
:1099F000000C1212120C000000000000000F1212E6
:109A0000120E020700000000001C1212121C103877
:109A100000000000001B060202070000000000001A
:109A2000001E020C101E000000000004041E0404AE
:109A3000041C000000000000001B1212123C000079
:109A400000000000001B0A0A0404000000000000DF
:109A50000015150E0A0A000000000000001B0A0491
:109A60000A1B000000000000003312120C0804035F
:109A700000000000001E0804041E0000180808086A
:109A8000080C08080808180008080808080808084A
:109A90000808080806040404040804040404060072
:109AA0001609000000000000000000000000000097
:109AB000000000000000000000000000000000089E
:109AC00008080808080800001818000000486C245E
:109AD0001200000000000000000000000000002450
:109AE00024247F1212127F12121200000000081CA0
:109AF0002A2A0A0C1828282A2A1C080800000022F2
:109B0000251515152A585454542200000000000C45
:109B10001212120A76252911916E00000006060421
:109B200003000000000000000000000000402010C2
:109B30001008080808080810102040000002040857
:109B40000810101010101008080402000000000097
:109B500008086B1C1C6B08080000000000000000D7
:109B6000080808087F080808080000000000000036
:109B700000000000000000000606040300000000D2
:109B800000000000FE0000000000000000000000D7
:109B900000000000000000000606000000008040F9
:109BA00040202010100808040402020000000018E1
:109BB000244242424242424224180000000000086F
:109BC0000E08080808080808083E00000000003CCD
:109BD0004242422020100804427E00000000003C67
:109BE0004242201820404042221C00000000002079
:109BF0003028242422227E20207800000000007ECD
:109C00000202021A26404042221C000000000038D6
:109C10002402021A26424242241800000000007E5C
:109C20002222101008080808080800000000003C64
:109C30004242422418244242423C000000000018E4
:109C40002442424264584040241C000000000000AE
:109C500000001818000000001818000000000000A4
:109C60000000000800000000000808040000004098
:109C7000201008040204081020400000000000002A
:109C800000007F0000007F000000000000000002D4
:109C90000408102040201008040200000000003CCE
:109CA0004242464020101000181800000000001C1E
:109CB000225A555555552D42221C0000000000081F
:109CC00008181414243C224242E700000000001F40
:109CD0002222221E22424242221F00000000007C5B
:109CE0004242010101010142221C00000000001F4C
:109CF0002242424242424242221F00000000003FF4
:109D00004212121E12120242423F00000000003FA7
:109D10004212121E12120202020700000000003C52
:109D20002222010101712122221C0000000000E713
:109D3000424242427E42424242E700000000003E70
:109D40000808080808080808083E00000000007C11
:109D500010101010101010101010110F00000077CC
:109D600022120A0E0A1212222277000000000007B7
:109D70000202020202020202427F0000000000779B
:109D8000363636362A2A2A2A2A6B0000000000E3DB
:109D900046464A4A52525262624700000000001C86
:109DA0002241414141414141221C00000000003F4D
:109DB000424242423E020202020700000000001C32
:109DC0002241414141414D53321C60000000003F9F
:109DD0004242423E1212222242C700000000007C92
:109DE0004242020418204042423E00000000007F30
:109DF0004908080808080808081C0000000000E7D7
:109E00004242424242424242423C0000000000E7DD
:109E10004242222424141418080800000000006B99
:109E2000494949495555362222220000000000E7E1
:109E3000422424181818242442E700000000007768
:109E40002222141408080808081C00000000007EE4
:109E50002120101008040442423F00000078080846
:109E60000808080808080808080878000000020226
:109E7000040408080810102020204040001E101084
:109E8000101010101010101010101E000038440098
:109E900000000000000000000000000000000000C2
:109EA0000000000000000000000000FF00060800A5
:109EB00000000000000000000000000000000000A2
:109EC0000000003C4278444242FC000000000003D5
:109ED0000202021A26424242261A00000000000036
:109EE0000000003844020202443800000000006014
:109EF000404040784442424264D8000000000000E4
:109F00000000003C427E0202423C0000000000F0E3
:109F10008808087E08080808083E000000000000C5
:109F20000000007C22221C023C42423C0000000354
:109F30000202023A4642424242E700000000000CA0
:109F40000C00000E08080808083E00000000003061
:109F500030000038202020202020221E0000000396
:109F600002020272120A1612227700000000000E8E
:109F70000808080808080808083E0000000000005B
:109F80000000007F9292929292B7000000000000C1
:109F90000000003B4642424242E700000000000051
:109FA0000000003C42424242423C000000000000EF
:109FB0000000001B26424242221E02070000000051
:109FC0000000007844424242447840E00000000033
:109FD000000000774C040404041F0000000000008F
:109FE0000000007C42023C40423E000000000000B5
:109FF0000008083E080808080830000000000000BB
:10A00000000000634242424262DC000000000000A7
:10A01000000000E7422424140808000000000000AB
:10A02000000000EB494955552222000000000000C5
:10A030000000007624181818246E000000000000AC
:10A04000000000E74224241418080807000000005C
:10A050000000007E22100808447E000000C020207E
:10A0600020202010202020202020C00010101010C0
:10A07000101010101010101010101010000608080A
:10A080000808081008080808080806000C32C20072
:10A0900000000000000000000000000000000000C0
:10A0A00000000000000000000000000000000000B0
:10A0B00000000000000000000000000000000000A0
:10A0C0000000000000000000000000000000000090
:10A0D0000000000060006000600060006000600040
:10A0E0006000400020002000200000000000000070
:10A0F0006000600060000000000000000000000040
:10A1000060066006300398018800440000000000EB
:10A11000000000000000000000000000000000003F
:10A12000000000000000000000000000000000002F
:10A13000000000001002100210021002FE07FE07CD
:10A1400008020801080108010801FE07FE070401D2
:10A1500004010401040100000000000000000000F0
:10A16000000040004000F00158034C03CC034C00B9
:10A1700058007000E000C001C00140034C035C03C4
:10A180004C034801F00040004000000000000000C7
:10A19000000000000E010A019100910091005100A1
:10A1A00051003A00AE03A002500450044804480491
:10A1B0004804840284030000000000000000000046
:10A1C0000000000038006C006C006C006C006C003B
:10A1D0002C0098071C011A01330133016301E300CD
:10A1E000C308C6093C070000000000000000000092
:10A1F0000C001C001000100008000400000000000B
:10A20000000000000000000000000000000000004E
:10A21000000000000000000000000000000000003E
:10A220000004000200018000800040004000200087
:10A2300020002000200020002000200040004000DE
:10A240008000800000010002000400000000000007
:10A250000200040008001000100020002000400050
:10A26000400040004000400040004000200020002E
:10A2700010001000080004000200000000000000B0
:10A2800000000000000000004000C0004000460C3C
:10A290004E0FD001F0015E0F460C40004000400020
:10A2A00000000000000000000000000000000000AE
:10A2B00000000000000000000000400040004000DE
:10A2C00040004000FE0F40004000400040004000C1
:10A2D000000000000000000000000000000000007E
:10A2E000000000000000000000000000000000006E
:10A2F000000000000000000000000000000000005E
:10A300000C001C00100010000800040000000000F9
:10A31000000000000000000000000000000000003D
:10A3200000000000FE070000000000000000000028
:10A33000000000000000000000000000000000001D
:10A34000000000000000000000000000000000000D
:10A3500000000000000000000000000000000000FD
:10A360001C001C001C000000000000000000000099
:10A3700000040006000200030001000180008000CC
:10A380004000400060002000200010001000080085
:10A3900008000C000400060002000000000000009D
:10A3A000000000000000F00098010C030C030606FA
:10A3B00006060606060606060606060606060C033A
:10A3C0000C039801F00000000000000000000000F5
:10A3D00000000000000040007C00600060006000A1
:10A3E000600060006000600060006000600060006D
:10A3F00060006000FC03000000000000000000009E
:10A40000000000000000F8008401020306030603B8
:10A41000000300018001C00060002000100008025D
:10A4200004020602FE03000000000000000000001D
:10A430000000000000007800C6008601860180014F
:10A440008001C000700080010001000300030603CA
:10A4500006038601F8000000000000000000000074
:10A4600000000000000080018001C001A001A001E7
:10A4700090018801880184018201FE0F8001800122
:10A4800080018001E00700000000000000000000E3
:10A49000000000000000FC030400040004000400AD
:10A4A0000400F4008C010403000300030603060308
:10A4B00082018401F800000000000000000000009C
:10A4C000000000000000E00118030C030C00040071
:10A4D0000600E60116030E06060606060606040634
:10A4E0000C021803F0000000000000000000000053
:10A4F000000000000000F8070C060402040100013F
:10A5000000018000800040004000400060006000CA
:10A51000600060006000000000000000000000001B
:10A52000000000000000F8010C03060606060606FF
:10A530000C021C03F000C8010C0306060606060602
:10A5400006060C03F00100000000000000000000FF
:10A55000000000000000F0000C010C0306020606DB
:10A560000606060606078C067806000600030003AA
:10A570000C018C01780000000000000000000000C9
:10A5800000000000000000000000000000000000CB
:10A59000E000E000E000000000000000000000001B
:10A5A000E000E000E000000000000000000000000B
:10A5B000000000000000000000000000000000009B
:10A5C00060006000000000000000000000000000CB
:10A5D000000060006000400020002000000000003B
:10A5E0000000000000040002000180004000200084
:10A5F0001000080004000800100020004000800047
:10A600000001000200040000000000000000000043
:10A61000000000000000000000000000000000003A
:10A62000FE07000000000000FE0700000000000020
:10A63000000000000000000000000000000000001A
:10A64000000000000400080010002000400080000E
:10A650000001000200040002000180004000200010
:10A6600010000800040000000000000000000000CE
:10A67000000000000000E0031806040C040C0C0CA1
:10A680000C0C00078001400040004000000000006A
:10A69000E000E000E000000000000000000000001A
:10A6A00000000000E00018030C02CC0564056605FC
:10A6B000A605B604B604B604B604B602E4010C045A
:10A6C0000C021803F0000000000000000000000071
:10A6D000000000000000600060005000D00090000A
:10A6E0009000880088010801F801040304030402B3
:10A6F000020202060F0F0000000000000000000030
:10A70000000000000000FE008C030C030C030C038F
:10A710000C038C01FC000C030C020C060C060C064E
:10A720000C060C03FE010000000000000000000009
:10A73000000000000000E00318030C060C040404F1
:10A7400006000600060006000600060006040C04CB
:10A750000C021803F00000000000000000000000E0
:10A760000000000000007F008C010C030C030C06AD
:10A770000C060C060C060C060C060C060C060C034C
:10A780000C038C017F0000000000000000000000AE
:10A79000000000000000FF03060306040604060094
:10A7A00086008600FE0086008600860006000604FD
:10A7B00006040602FF030000000000000000000085
:10A7C000000000000000FF03060306040604060064
:10A7D00086008600FE0086008600860006000600D1
:10A7E000060006001F00000000000000000000003E
:10A7F000000000000000F00018010C020C0204022E
:10A800000600060006000600C60F060306030C033A
:10A810000C031803F000000000000000000000001E
:10A820000000000000000F0F0606060606060606DA
:10A8300006060606FE0706060606060606060606BF
:10A84000060606060F0F00000000000000000000D2
:10A85000000000000000FC03600060006000600079
:10A8600060006000600060006000600060006000E8
:10A8700060006000FC030000000000000000000019
:10A88000000000000000F807C000C000C000C000C9
:10A89000C000C000C000C000C000C000C000C000B8
:10A8A000C000C000C000C60066003C000000000000
:10A8B000000000000000CF038601C600460026000D
:10A8C000160036002E006E004600C6008600860187
:10A8D000060106038F0700000000000000000000D2
:10A8E0000000000000001F00060006000600060031
:10A8F0000600060006000600060006000600060424
:10A9000006040602FF030000000000000000000033
:10A910000000000000000707860386038E038E03F5
:10A920004E034E034A035A035A033A0332033203D7
:10A93000320312038707000000000000000000003F
:10A940000000000000008E0F0C021C021C023402EA
:10A950003402640264024402C40284028403840355
:10A96000040304031F0200000000000000000000B8
:10A97000000000000000F00098010C030C02060625
:10A9800006060606060606060606060606060C0265
:10A990000C039801F000000000000000000000001F
:10A9A000000000000000FF0006030606060606067B
:10A9B000060606068603FE000600060006000600E0
:10A9C000060006001F00000000000000000000005C
:10A9D000000000000000F00098010C030C020606C5
:10A9E00006060606060606060606060676064C0255
:10A9F000CC039801F0008007000300000000000075
:10AA0000000000000000FF01060306060606060619
:10AA100006060603FE004600C60086008601060301
:10AA2000060306060F0E00000000000000000000F4
:10AA3000000000000000F8020C03060206020600F7
:10AA40000E003C00F800E003800300070206020647
:10AA500006060C03F00100000000000000000000EA
:10AA6000000000000000FE07620461086108600049
:10AA700060006000600060006000600060006000D6
:10AA800060006000F801000000000000000000000D
:10AA90000000000000001E070C020C020C020C0259
:10AAA0000C020C020C020C020C020C020C020C0236
:10AAB0000C021801F000000000000000000000007F
:10AAC0000000000000000F070602040104010C0151
:10AAD0000C01880088009800980050005000700019
:10AAE00030002000200000000000000000000000F6
:10AAF000000000000000F70E620442044604460411
:10AB000064026402E402E4029C029C019801980140
:10AB1000880188008800000000000000000000009C
:10AB20000000000000009E070C01080118019000C1
:10AB3000B0006000200060006000D000900088013C
:10AB4000080104038E070000000000000000000060
:10AB50000000000000000F0F060404020C020801B0
:10AB60001801B800B0007000600060006000600074
:10AB700060006000F801000000000000000000001C
:10AB8000000000000000FC070C0206030201800127
:10AB90008000400040002000200010001800080441
:10ABA0000C040402FE03000000000000000000008E
:10ABB000E0032000200020002000200020002000D2
:10ABC0002000200020002000200020002000200085
:10ABD0002000200020002000E00300000000000012
:10ABE000000000000400040008000800100010002D
:10ABF00010002000200040004000C00080008000C5
:10AC00000001000100020002000200040000000038
:10AC10007C004000400040004000400040004000F8
:10AC20004000400040004000400040004000400024
:10AC300040004000400040007C0000000000600038
:10AC4000900008010000000000000000000000006B
:10AC500000000000000000000000000000000000F4
:10AC600000000000000000000000000000000000E4
:10AC700000000000000000000000000000000000D4
:10AC800000000000000000000000000000000000C4
:10AC900000000000000000000000FF0F00000000A6
:10ACA000180060000000000000000000000000002C
:10ACB0000000000000000000000000000000000094
:10ACC0000000000000000000000000000000000084
:10ACD0000000000000000000000000000000000074
:10ACE000F0010C030C030003E0031C030E03060336
:10ACF00006038E0B7C0E0000000000000000000028
:10AD00000000000008000E000C000C000C000C00FD
:10AD1000CC013C031C060C060C060C060C060C06AB
:10AD20000C021C03E4010000000000000000000011
:10AD30000000000000000000000000000000000013
:10AD4000F0008C018C018601060006000600060258
:10AD50000C020C01F00000000000000000000000E8
:10AD6000000000000002C003000300030003000312
:10AD700078038C030C03060306030603060306038D
:10AD800004038C07780100000000000000000000B0
:10AD900000000000000000000000000000000000B3
:10ADA000E001180308020C060C06FC070C000C005E
:10ADB00018041802E001000000000000000000007C
:10ADC000000000000000C0036006300630003000C4
:10ADD000FE01300030003000300030003000300024
:10ADE00030003000FC010000000000000000000006
:10ADF0000000000000000000000000000000000053
:10AE0000F007D8068C018C018C019801F8000C0029
:10AE1000FC00CC03060306038E03F80000000000CC
:10AE20000000000008000E000C000C000C000C00DC
:10AE3000EC011C030C030C030C030C030C030C03AC
:10AE40000C030C039E07000000000000000000003F
:10AE500000000000000060006000000000004000F2
:10AE60007C006000600060006000600060006000C6
:10AE700060006000FC030000000000000000000013
:10AE8000000000000000C001C0010000000000013F
:10AE9000F00180018001800180018001800180013A
:10AEA0008001800180018001CC007C000000000056
:10AEB0000000000008000E000C000C000C000C004C
:10AEC0008C038C008C004C006C005C008C008C01AE
:10AED0000C010C039E0700000000000000000000B1
:10AEE0000000000040007C00600060006000600026
:10AEF0006000600060006000600060006000600052
:10AF000060006000FC030000000000000000000082
:10AF10000000000000000000000000000000000031
:10AF20003707EE0666066606660666066606660667
:10AF300066066606FF0F000000000000000000002B
:10AF40000000000000000000000000000000000001
:10AF5000EE011C030C030C030C030C030C030C0389
:10AF60000C030C039E07000000000000000000001E
:10AF700000000000000000000000000000000000D1
:10AF8000F00098010C0306060606060606060606ED
:10AF90000C030C03F00000000000000000000000A3
:10AFA00000000000000000000000000000000000A1
:10AFB000EE011C030C060C060C060C060C060C0617
:10AFC0000C031C03EC010C000C003E000000000010
:10AFD0000000000000000000000000000000000071
:10AFE00078028C030C03060306030603060306031C
:10AFF00004038C03780300030003C0070000000073
:10B000000000000000000000000000000000000040
:10B010009F0358063806180018001800180018007A
:10B0200018001800FF0000000000000000000000F1
:10B030000000000000000000000000000000000010
:10B04000F0031C030C020C023800F000C0030403E0
:10B0500004038C03FC01000000000000000000005D
:10B060000000000000000000200020003000300040
:10B07000FE01300030003000300030003000300081
:10B0800030023002E001000000000000000000007B
:10B0900000000000000000000000000000000802A6
:10B0A0008E030C030C030C030C030C030C030C03A6
:10B0B0000C039C0778010000000000000000000065
:10B0C0000000000000000000000000000000000080
:10B0D0001E070C020801080118019000B000B00022
:10B0E0006000600020000000000000000000000080
:10B0F0000000000000000000000000000000000050
:10B10000F70E6204460464026402EC029C0198019A
:10B1100098019801080000000000000000000000F5
:10B12000000000000000000000000000000000001F
:10B13000BC0718011001B00060006000E000900042
:10B14000080108039E070000000000000000000046
:10B1500000000000000000000000000000000000EF
:10B160009E0708010801080190009000B0006000EF
:10B17000600060002000200024001C00000000008F
:10B1800000000000000000000000000000000000BF
:10B19000FC018401C400440060002000300018025B
:10B1A00008020C03FC010000000000000000000089
:10B1B000000380008000800080008000800080000C
:10B1C000800040002000400080008000800080005F
:10B1D00080008000800080000003000040004000EC
:10B1E000400040004000400040004000400040005F
:10B1F000400040004000400040004000400040004F
:10B2000040004000400040004000400000000000BE
:10B210000C001000100010001000100010001000B2
:10B22000100020004000200010001000100010004E
:10B2300010001000100010000C00000000001C00A6
:10B240002204C2048003000000000000000000008F
:10B2500000000000000000000000000000000000EE
:10B2600000000000000000000000000000000000DE
:10B2700000000000000000000000000000000000CE
:10B2800000000000000000000000000000000000BE
:10B2900000000000000000000000000000000000AE
:10B2A000000000000000000000000000000000009E
:10B2B000000000000000C001C001C001C001C001C9
:10B2C000C001C001800080008000800080008000FC
:10B2D000800000000000000000008001C003C003E7
:10B2E00080010000000000000000000000000000DD
:10B2F0000000E01CE01CF01E700E38071803080167
:10B3000084000000000000000000000000000000B9
:10B31000000000000000000000000000000000002D
:10B32000000000000000000000000000000000001D
:10B33000000000000000000020102010201020104D
:10B340002010FE7FFE7F100810081008100810085B
:10B3500010081008FE7FFE7F080408040804080493
:10B3600008040000000000000000000000000000D1
:10B370000000000000010001C00760191031183101
:10B380001839183938017001E001C0038007000F37
:10B39000001D003900311C311C310C310C11180D0D
:10B3A000E0070001000100010000000000000000B3
:10B3B00000000000000000001C1036186308630C39
:10B3C00063046304630263026301361D9C378022B9
:10B3D000806340634063206320633063102218362B
:10B3E000081C000000000000000000000000000039
:10B3F0000000000000000000F00098018C018C01AA
:10B400008C018C018C00CC007800183E1C0836089A
:10B41000320863046304C304C303834306438E26D4
:10B42000781C000000000000000000000000000088
:10B4300000001C003C003C003000300010000C00FC
:10B4400006000000000000000000000000000000F6
:10B4500000000000000000000000000000000000EC
:10B4600000000000000000000000000000000000DC
:10B4700000000040002000100008000C000400063E
:10B48000000300030003800180018001800180012E
:10B490008001800180010003000300030006000614
:10B4A000000C000800100020004000000000000018
:10B4B00000000200040008001000300020006000BE
:10B4C000C000C000C00080018001800180018001B7
:10B4D000800180018001C000C000C00060006000E9
:10B4E000300010000800040002000000000000000E
:10B4F00000000000000000000000000000018003C8
:10B50000800300011C713C79783DC0070001C00731
:10B51000783D3C791C7100018003800380010000AC
:10B52000000000000000000000000000000000001B
:10B53000000000000000000000000000000000010A
:10B54000000100010001000100010001FC7F000179
:10B5500000010001000100010001000100000000E5
:10B5600000000000000000000000000000000000DB
:10B5700000000000000000000000000000000000CB
:10B5800000000000000000000000000000000000BB
:10B590000000000000000000000000001C003C0053
:10B5A0003C003000300010000C00060000000000DD
:10B5B000000000000000000000000000000000008B
:10B5C000000000000000000000000000FE7F0000FE
:10B5D000000000000000000000000000000000006B
:10B5E000000000000000000000000000000000005B
:10B5F000000000000000000000000000000000004B
:10B60000000000000000000000000000000000003A
:10B610000000000000000000000018003C003C009A
:10B620001800000000000000000000000000000002
:10B6300000000040006000200030001000180008EA
:10B64000000C0004000600020003000180018000DD
:10B65000C00040006000200030001000180008000A
:10B660000C000400060002000000000000000000C2
:10B670000000000000000000C007600C3018183007
:10B68000183018200C600C600C600C600C600C60B2
:10B690000C600C600C601820183018303018600CEA
:10B6A000C0070000000000000000000000000000D3
:10B6B000000000000000000000018001F80180018E
:10B6C0008001800180018001800180018001800172
:10B6D0008001800180018001800180018001C00320
:10B6E000F81F000000000000000000000000000043
:10B6F0000000000000000000E007101C08180430E3
:10B7000004300C300C300030001800080004000237
:10B710000001800040002020102008200430FC1F81
:10B72000FC1F0000000000000000000000000000FE
:10B730000000000000000000E003180E0C0C0C18C4
:10B740000C180C180018000C0006C003000E00189E
:10B750000010003000300C300C300C100C18180C9D
:10B76000E0030000000000000000000000000000F6
:10B770000000000000000000000C000E000E000F92
:10B78000800E800E400E600E200E100E100E080E61
:10B79000040E040EFE7F000E000E000E000E000EC2
:10B7A000000EC07F0000000000000000000000004C
:10B7B0000000000000000000F03FF03F100010000B
:10B7C000100008000800C807280C181808100030DE
:10B7D0000030003000300C300C3004180418080C15
:10B7E000F003000000000000000000000000000066
:10B7F0000000000000000000800FC010203010305A
:10B800001800180008000C008C0F6C183C301C60ED
:10B810000C600C600C600C601860182030306018F0
:10B82000C007000000000000000000000000000051
:10B830000000000000000000F83FF83F1C100C085A
:10B8400004080404000400020002000100010001D9
:10B85000800080008000C000C000C000C000C000A8
:10B86000C000000000000000000000000000000018
:10B870000000000000000000E007300C18180C3039
:10B880000C300C301C3038187008E007B007180E68
:10B890000C1C063806300630063006300C18180C22
:10B8A000E0030000000000000000000000000000B5
:10B8B0000000000000000000E00318040C080C1851
:10B8C0000610063006300630063006380C3C1836B6
:10B8D000F03100300018001800180C0C0C060C0396
:10B8E000F001000000000000000000000000000067
:10B8F0000000000000000000000000000000000048
:10B900000000000000008001C003C00380010000AF
:10B91000000000000000000000008001C003C00320
:10B920008001000000000000000000000000000096
:10B930000000000000000000000000000000000007
:10B94000000000000000C000C00000000000000077
:10B950000000000000000000000000000000C00027
:10B96000C000800080004000400000000000000097
:10B970000000000000000020001000080004000685
:10B9800000038001C0006000300018000C001800A7
:10B9900030006000C00080010003000600040008C1
:10B9A0000010002000000000000000000000000067
:10B9B0000000000000000000000000000000000087
:10B9C000000000000000FE7F0000000000000000FA
:10B9D0000000FE7F000000000000000000000000EA
:10B9E0000000000000000000000000000000000057
:10B9F00000000000000004000800100020006000AB
:10BA0000C000800100030006000C00180030001880
:10BA1000000C000600038001C00060002000100040
:10BA2000080004000000000000000000000000000A
:10BA3000000000000000C0073018083008600C60EB
:10BA40001C601C601C600030001C000600018000AF
:10BA5000800080008000000000008001C003C0035F
:10BA60008001000000000000000000000000000055
:10BA70000000000000000000C0076018103018200F
:10BA80000C2F8C4D864CC64CC64C664C66446644A6
:10BA9000662666266615CC1C0C4008201830301827
:10BAA000C0070000000000000000000000000000CF
:10BAB0000000000000000001C001C001C001400101
:10BAC0006003200320032003300610061006100632
:10BAD000F80F080C080C080C0C0C041804180618B5
:10BAE0001F7C0000000000000000000000000000BB
:10BAF0000000000000000000FE07181C1838183075
:10BB00001830183018301818180CF8071818183092
:10BB1000182018601860186018601860183018181D
:10BB2000FE0F000000000000000000000000000008
:10BB30000000000000000000C0276038103018200E
:10BB40000C400C400400060006000600060006003B
:10BB50000600060006000C400C400C20183030187F
:10BB6000C00700000000000000000000000000000E
:10BB70000000000000000000FE03180E1818183026
:10BB80001830183018601860186018601860186055
:10BB90001860186018601830183018101818180E2F
:10BBA000FE03000000000000000000000000000094
:10BBB0000000000000000000FE3F18301820186050
:10BBC0001840180018081808180CF80F180C180856
:10BBD00018081800180018001840184018201830CD
:10BBE000FE3F000000000000000000000000000018
:10BBF0000000000000000000FE7F1870184018C010
:10BC000018801800181018101818F81F1818181095
:10BC10001810180018001800180018001800180054
:10BC20007E00000000000000000000000000000096
:10BC30000000000000000000C013701C101018105D
:10BC40000C200C200400060006000600060006007A
:10BC500006FC063006300C300C3018301830300836
:10BC6000C00700000000000000000000000000000D
:10BC700000000000000000003F7E0C180C180C189B
:10BC80000C180C180C180C180C180C18FC1F0C189D
:10BC90000C180C180C180C180C180C180C180C1884
:10BCA0003F7E0000000000000000000000000000D7
:10BCB0000000000000000000F81F800180018001EA
:10BCC000800180018001800180018001800180016C
:10BCD000800180018001800180018001800180015C
:10BCE000F81F00000000000000000000000000003D
:10BCF0000000000000000000E07F000600060006D3
:10BD00000006000600060006000600060006000603
:10BD100000060006000600060006000600060006F3
:10BD2000000600060E060E038E01FC000000000057
:10BD300000000000000000007E7C1818180818049D
:10BD400018061802180198019801D801B8033803A1
:10BD500018071806180E180C181C18181830183068
:10BD60007EFC000000000000000000000000000059
:10BD700000000000000000007E00180018001800FD
:10BD800018001800180018001800180018001800F3
:10BD90001800180018001800184018401820183013
:10BDA000FE3F000000000000000000000000000056
:10BDB00000000000000000001FF81C381C381C3870
:10BDC0001C3C3434343434343436743264326432A7
:10BDD00064326431C431C431C431C430C4308430BD
:10BDE0009FFC0000000000000000000000000000B8
:10BDF00000000000000000001F7C1C103C103410EC
:10BE0000341074106410E410C410C411841184132D
:10BE1000041304170416041E041C041C041C041838
:10BE20001F180000000000000000000000000000DB
:10BE30000000000000000000C003300C18180810BB
:10BE40000C300C3006600660066006600660066016
:10BE50000660066006600C200C3008101818300CC4
:10BE6000C00300000000000000000000000000000F
:10BE70000000000000000000FE0F181818301860C5
:10BE8000186018601860186018301818F80F18003B
:10BE900018001800180018001800180018001800E2
:10BEA0007E00000000000000000000000000000014
:10BEB0000000000000000000C003300C18180C1037
:10BEC0000C300C20066006600660066006600660A6
:10BED000066006600660E4612C331C321816300ED2
:10BEE000C007004C007C003800000000000000008B
:10BEF0000000000000000000FE07181C1838183071
:10BF00001830183018301818180CF8079803180350
:10BF1000180718061806180E180C180C181C1818F4
:10BF20007E7800000000000000000000000000001B
:10BF30000000000000000000E027303818300C201E
:10BF40000C200C000C0018007800E003800F001E8D
:10BF50000038007000600460046008601830381811
:10BF6000C80F0000000000000000000000000000FA
:10BF70000000000000000000FC3F8C218461824131
:10BF80008241800180018001800180018001800167
:10BF90008001800180018001800180018001800199
:10BFA000E0070000000000000000000000000000AA
:10BFB00000000000000000003F7C0C100C100C1072
:10BFC0000C100C100C100C100C100C100C100C1091
:10BFD0000C100C100C100C100C100C10080838046D
:10BFE000E00300000000000000000000000000006E
:10BFF00000000000000000003EF818201820182063
:10C000003010301030103010600860086008E00C0C
:10C01000C004C004C00480038003800380030001C7
:10C02000000100000000000000000000000000000F
:10C030000000000000000000DFF3866186218621F9
:10C040008C210C218C238C138C138C134C135812C1
:10C050005816580E380E380E380E300C10041004D6
:10C0600010040000000000000000000000000000BC
:10C0700000000000000000007E3E18083808300470
:10C08000300470026002E001C001C0018001800341
:10C090004003400720062006100C100C0818081852
:10C0A0003E7C0000000000000000000000000000D6
:10C0B00000000000000000007E7C1C101810180812
:10C0C0003008300C700460046002C002C002C0017D
:10C0D0008001800180018001800180018001800158
:10C0E000E007000000000000000000000000000069
:10C0F0000000000000000000F83F18180818040CA9
:10C10000040E00060007000380038001C001C00088
:10C11000E000600070003000382018201C100C185F
:10C12000FE1F0000000000000000000000000000F2
:10C130000000C03F40004000400040004000400080
:10C1400040004000400040004000400040004000EF
:10C1500040004000400040004000400040004000DF
:10C16000400040004000C03F000000000000000010
:10C170000000000000000800180018001000300047
:10C180002000600060004000C0008000800180014D
:10C19000000100030002000600060004000C000875
:10C1A00000180018001000300020000000000000FF
:10C1B0000000FC0300020002000200020002000274
:10C1C000000200020002000200020002000200025F
:10C1D000000200020002000200020002000200024F
:10C1E000000200020002FC0300000000000000004A
:10C1F00000008007C00620081010000000000000AA
:10C20000000000000000000000000000000000002E
:10C21000000000000000000000000000000000001E
:10C22000000000000000000000000000000000000E
:10C2300000000000000000000000000000000000FE
:10C2400000000000000000000000000000000000EE
:10C2500000000000000000000000000000000000DE
:10C2600000000000000000000000FFFF00000000D0
:10C2700000007800C0000001000000000000000085
:10C2800000000000000000000000000000000000AE
:10C29000000000000000000000000000000000009E
:10C2A000000000000000000000000000000000008E
:10C2B000000000000000000000000000000000007E
:10C2C000000000000000F00318060C0C0C0C000C21
:10C2D000800F700C1C0C0C0C060C060C064C0C4F42
:10C2E000F83800000000000000000000000000001E
:10C2F00000000000000010001E00180018001800C8
:10C30000180018001800180FD81838303860186056
:10C310001860186018601860186018203830781895
:10C32000C80700000000000000000000000000003E
:10C3300000000000000000000000000000000000FD
:10C34000000000000000C007700C181818180C1826
:10C350000C000C000C000C000C20182018103008E9
:10C36000C007000000000000000000000000000006
:10C370000000000000000010001E00180018001847
:10C38000001800180018E01B301C181818180C189A
:10C390000C180C180C180C180C180818181C307AEB
:10C3A000E0090000000000000000000000000000A4
:10C3B000000000000000000000000000000000007D
:10C3C000000000000000C007300C181808100C30E6
:10C3D0000C30FC3F0C000C000C00182018107018DA
:10C3E000C007000000000000000000000000000086
:10C3F0000000000000000000003E80C380C0C0C0FC
:10C40000C000C000C000FC1FC000C000C000C000D1
:10C41000C000C000C000C000C000C000C000C0001C
:10C42000F80F000000000000000000000000000005
:10C4300000000000000000000000000000000000FC
:10C44000000000000000C077306C10181818181891
:10C4500018181018300CF00718001800F00FF03FF3
:10C4600008700C600C600C603838E00F00000000B1
:10C4700000000000000010001E0018001800180046
:10C48000180018001800980FD818383018301830D5
:10C49000183018301830183018301830183018305C
:10C4A0007EFC000000000000000000000000000012
:10C4B00000000000000000008003800380030000F3
:10C4C000000000000001F80180018001800180016E
:10C4D0008001800180018001800180018001800154
:10C4E000F81F000000000000000000000000000035
:10C4F0000000000000000000003800380038000094
:10C50000000000000010801F00180018001800181C
:10C51000001800180018001800180018001800185B
:10C52000001800180018180C1806F003000000008E
:10C5300000000000000010001E0018001800180085
:10C54000180018001800183E180C180618031801D7
:10C550009801D801380318071806180C181C181869
:10C560007E7C0000000000000000000000000000D1
:10C570000000000000000001F8018001800180013E
:10C5800080018001800180018001800180018001A3
:10C590008001800180018001800180018001800193
:10C5A000F81F000000000000000000000000000074
:10C5B000000000000000000000000000000000007B
:10C5C000000000000800EE1C9C338C318C318C3153
:10C5D0008C318C318C318C318C318C318C318C3173
:10C5E000DE7B0000000000000000000000000000F2
:10C5F000000000000000000000000000000000003B
:10C600000000000010001E0FD81838301830183005
:10C6100018301830183018301830183018301830DA
:10C620007EFC000000000000000000000000000090
:10C6300000000000000000000000000000000000FA
:10C64000000000000000C007701C103018300C60A3
:10C650000C600C600C600C600C60183018303018E6
:10C66000C007000000000000000000000000000003
:10C6700000000000000000000000000000000000BA
:10C680000000000010009E0F581838301820186065
:10C690001860186018601860186018303830781802
:10C6A000980718001800180018007E00000000000D
:10C6B000000000000000000000000000000000007A
:10C6C000000000000000C023303C183818300C3047
:10C6D0000C300C300C300C300C3008301838303C3A
:10C6E000E033003000300030003000FC000000007B
:10C6F000000000000000000000000000000000003A
:10C700000000000060007E3C60666061E000E000C8
:10C710006000600060006000600060006000600019
:10C72000FE07000000000000000000000000000004
:10C7300000000000000000000000000000000000F9
:10C74000000000000000E0273038183018201800E2
:10C750007000E003800F001C043004300C301C1803
:10C76000EC0F0000000000000000000000000000CE
:10C7700000000000000000000000000080008000B9
:10C780008000C000E000FC1FC000C000C000C0006E
:10C79000C000C000C000C000C000C020C020801188
:10C7A000000F00000000000000000000000000007A
:10C7B0000000000000000000000000000000000079
:10C7C0000000000010201E3C1830183018301830BF
:10C7D000183018301830183018301830183830F435
:10C7E000E013000000000000000000000000000056
:10C7F0000000000000000000000000000000000039
:10C800000000000000007E3C1818180838083004AA
:10C810003004700260026002E001C001C001C0008B
:10C820008000000000000000000000000000000088
:10C8300000000000000000000000000000000000F8
:10C84000000000000000DFF78E630C238C238C2394
:10C850009813981358165816700E700E700E200408
:10C8600020040000000000000000000000000000A4
:10C8700000000000000000000000000000000000B8
:10C88000000000000000FC3E70087004E004C002DC
:10C89000C0018003800340076006200C100C1818AC
:10C8A0003E7E0000000000000000000000000000CC
:10C8B0000000000000000000000000000000000078
:10C8C0000000000000007E7C1818180830083008AE
:10C8D000300460046004C002C002C0028001800114
:10C8E00080018000800080004C003C0000000000BF
:10C8F0000000000000000000000000000000000038
:10C90000000000000000FC1F0C0C040E04060003D5
:10C9100080038001C000E0007020302038301C18F7
:10C92000FC1F0000000000000000000000000000EC
:10C9300000000030000800040004000400040004AB
:10C94000000400040004000400040002800100024E
:10C9500000040004000400040004000400040004B7
:10C960000004000400040008003000000001000181
:10C9700000010001000100010001000100010001AF
:10C98000000100010001000100010001000100019F
:10C99000000100010001000100010001000100018F
:10C9A0000001000100010001000100010000000081
:10C9B00000000C00100020002000200020002000BB
:10C9C00020002000200020002000400080014000C6
:10C9D0002000200020002000200020002000200057
:10C9E00020002000200010000C0000000000380093
:10C9F000C400864002610022001C0000000000000C
:10CA00000000000000000000000000000000000026
:10CA10000000000000000000000000000000000016
:10CA20000000000000000000000000000000000006
:10CA3000555555555555C53F7D6FEB0312D6D4BF9F
:10CA40005544880E55C1C93F3B8F68B52882A4BFA5
:10CA500088B20175E0EF493F09F7FD0DE13D023F66
:10CA60004B2D8A1C273A03C0C88A599CE52A0040EE
:10CA700059018D1B6C06E6BF82922EB1C5B8B33F3B
:10CA80004FBB610567ACDD3F182D4454FB21E93FE6
:10CA90009BF681D20B73EF3F182D4454FB21F93FD5
:10CAA000E2652F227F2B7A3C075C143326A6813C5B
:10CAB000BDCBF07A8807703C075C143326A6913C06
:10CAC000C4EB98999999C9BF711623FEC671BCBF72
:10CAD0006D9A74AFF2B0B3BF9AFDDE522DDEADBFDA
:10CAE0002F6C6A2C44B4A2BF0D5555555555D53FF2
:10CAF000FF8300922449C23F6E204CC5CD45B73F0D
:10CB0000513DD0A0660DB13FEB0D76244B7BA93F84
:10CB100011DA22E33AAD903F5247425461736B0001
:10CB200050435461736B00004C43445461736B0079
:10CB3000494D555461736B00426C655461736B00D1
:10CB4000536572766F5461736B000000456E636FBE
:10CB50006465725461736B0042757A7A65725461D0
:10CB6000736B00004D6F746F725461736B00000043
:10CB70004B65795461736B0098CB0008000000206E
:10CB80001001000078710008A8CC000810010020F6
:10CB9000C856000088710008000000000100000075
:10CBA00010000000000000000024F400000000005D
:10CBB0000000000000000000000000000000000075
:10CBC0000000000000000000000000000000000065
:10CBD0000000000000000000000000000000000055
:10CBE0000000000000000000000000000000000045
:10CBF0000000000000000000000000000000000035
:10CC00000000000000000000000000000000000024
:10CC10000000000000000000000000000000000014
:10CC20000000000000000000AAAAAAAA000000005C
:10CC300000000000000000000000000000000000F4
:10CC400000000000000000000100000000000000E3
:10CC500000000000000000000000000000000000D4
:10CC600000000000010000000000000000000000C3
:10CC700000000000000000000000000000000000B4
:10CC800000000000000000000100000000000000A3
:10CC90000000000000000000000000000000000094
:08CCA00000000000000000008C
:040000050800018965
:00000001FF
